channel,start,end,title
AMC,2026-10-03T22:13:00,2026-10-04T00:05:00,Cidade Dividida
AMC,2026-10-04T00:05:00,2026-10-04T02:18:00,Apanha-Me Se Puderes
AMC,2026-10-04T02:18:00,2026-10-04T04:16:00,"Rambo, A Última Batalha"
AMC,2026-10-04T04:16:00,2026-10-04T05:51:00,Gringa
AMC,2026-10-04T05:51:00,2026-10-04T07:58:00,O Grande Gatsby
AMC,2026-10-04T07:58:00,2026-10-04T09:24:00,Intruso
AMC,2026-10-04T09:24:00,2026-10-04T10:55:00,Deadlock: Sem Saída
AMC,2026-10-04T10:55:00,2026-10-04T13:19:00,Os Condenados De Shawshank
AMC,2026-10-04T13:19:00,2026-10-04T15:18:00,Amar... é Complicado!
AMC,2026-10-04T15:18:00,2026-10-04T16:45:00,Zoolander
AMC,2026-10-04T16:45:00,2026-10-04T18:23:00,Super Tornado
AMC,2026-10-04T18:23:00,2026-10-04T20:29:00,Indiana Jones E A Grande Cruzada
AMC,2026-10-04T20:29:00,2026-10-04T22:14:00,O Último Airbender
AMC,2026-10-04T22:14:00,2026-10-04T23:58:00,O Código Do Silêncio
AMC,2026-10-04T23:58:00,2026-10-05T01:35:00,Operação Swordfish
AMC,2026-10-05T01:35:00,2026-10-05T03:05:00,Invasão De Privacidade
AMC,2026-10-05T03:05:00,2026-10-05T05:17:00,Assalto À Casa Branca
AMC,2026-10-05T05:17:00,2026-10-05T06:05:00,Transporter T1 - Ep. 3
AMC,2026-10-05T06:05:00,2026-10-05T07:34:00,Rapto
AMC,2026-10-05T07:34:00,2026-10-05T09:25:00,No Rasto Do Assassino
AMC,2026-10-05T09:25:00,2026-10-05T10:47:00,Castle Falls
AMC,2026-10-05T10:47:00,2026-10-05T11:36:00,Arma Mortífera T1 - Ep. 1
AMC,2026-10-05T11:36:00,2026-10-05T13:20:00,Cidade Dividida
AMC,2026-10-05T13:20:00,2026-10-05T15:15:00,Os Salteadores Da Arca Perdida
AMC,2026-10-05T15:15:00,2026-10-05T17:18:00,Batman Para Sempre
AMC,2026-10-05T17:18:00,2026-10-05T18:51:00,Deadlock: Sem Saída
AMC,2026-10-05T18:51:00,2026-10-05T20:29:00,Invasão De Privacidade
AMC,2026-10-05T20:29:00,2026-10-05T22:11:00,Os Mercen4Rios
AMC,2026-10-05T22:11:00,2026-10-05T23:07:00,The Terror: Devil In Silver T1 - Ep. 3
AMC,2026-10-05T23:07:00,2026-10-06T01:19:00,Mulher-Maravilha
AMC,2026-10-06T01:19:00,2026-10-06T03:07:00,O Santo
AMC,2026-10-06T03:07:00,2026-10-06T05:25:00,Este País Não É Para Velhos
AMC,2026-10-06T05:25:00,2026-10-06T06:58:00,O Ben Está De Volta
AMC,2026-10-06T06:58:00,2026-10-06T08:44:00,Os Goonies
AMC,2026-10-06T08:44:00,2026-10-06T10:31:00,Assalto À Casa Branca
AMC,2026-10-06T10:31:00,2026-10-06T11:16:00,Arma Mortífera T1 - Ep. 2
AMC,2026-10-06T11:16:00,2026-10-06T12:51:00,O Código Do Silêncio
AMC,2026-10-06T12:51:00,2026-10-06T14:25:00,A Vida Por Um Fio
AMC,2026-10-06T14:25:00,2026-10-06T16:20:00,Indiana Jones E O Templo Perdido
AMC,2026-10-06T16:20:00,2026-10-06T18:21:00,Dá Tempo ao Tempo
AMC,2026-10-06T18:21:00,2026-10-06T19:48:00,Zoolander
AMC,2026-10-06T19:48:00,2026-10-06T22:12:00,Apanha-Me Se Puderes
AMC,2026-10-06T22:12:00,2026-10-06T23:05:00,Transporter T1 - Ep. 4
AMC,2026-10-06T23:05:00,2026-10-06T23:44:00,Capturados T1 - Ep. 4
AMC,2026-10-06T23:44:00,2026-10-07T01:24:00,A Conspiração Da Aranha
AMC,2026-10-07T01:24:00,2026-10-07T02:56:00,"Rambo, A Última Batalha"
AMC,2026-10-07T02:56:00,2026-10-07T04:57:00,Ossos E Tudo
AMC,2026-10-07T04:57:00,2026-10-07T05:29:00,Capturados T1 - Ep. 3
AMC,2026-10-07T05:29:00,2026-10-07T07:30:00,O Homem Da Máscara De Ferro
AMC,2026-10-07T07:30:00,2026-10-07T09:10:00,Planeta Vermelho
AMC,2026-10-07T09:10:00,2026-10-07T10:40:00,Invasão De Privacidade
AMC,2026-10-07T10:40:00,2026-10-07T11:24:00,Arma Mortífera T1 - Ep. 3
AMC,2026-10-07T11:24:00,2026-10-07T13:00:00,Os Mercen4Rios
AMC,2026-10-07T13:00:00,2026-10-07T14:34:00,Super Tornado
AMC,2026-10-07T14:34:00,2026-10-07T16:14:00,O Último Airbender
AMC,2026-10-07T16:14:00,2026-10-07T18:15:00,Resgate
AMC,2026-10-07T18:15:00,2026-10-07T20:16:00,Hunter Killer
AMC,2026-10-07T20:16:00,2026-10-07T22:11:00,Cidade Dividida
AMC,2026-10-07T22:11:00,2026-10-08T00:09:00,A Testemunha
AMC,2026-10-08T00:09:00,2026-10-08T01:57:00,Soldado Universal 4: Juízo Final
AMC,2026-10-08T01:57:00,2026-10-08T03:46:00,Um Príncipe Em Nova Iorque
AMC,2026-10-08T03:46:00,2026-10-08T05:09:00,Castle Falls
AMC,2026-10-08T05:09:00,2026-10-08T05:56:00,Transporter T1 - Ep. 4
AMC,2026-10-08T05:56:00,2026-10-08T07:22:00,Intruso
AMC,2026-10-08T07:22:00,2026-10-08T08:55:00,Vendetta
AMC,2026-10-08T08:55:00,2026-10-08T10:49:00,Ocean's 13
AMC,2026-10-08T10:49:00,2026-10-08T11:35:00,Arma Mortífera T1 - Ep. 4
AMC,2026-10-08T11:35:00,2026-10-08T13:00:00,Zoolander
AMC,2026-10-08T13:00:00,2026-10-08T15:01:00,Indiana Jones E A Grande Cruzada
AMC,2026-10-08T15:01:00,2026-10-08T16:42:00,A Conspiração Da Aranha
AMC,2026-10-08T16:42:00,2026-10-08T18:50:00,Ossos E Tudo
AMC,2026-10-08T18:50:00,2026-10-08T20:27:00,A Vida Por Um Fio
AMC,2026-10-08T20:27:00,2026-10-08T22:10:00,Shaft
AMC,2026-10-08T22:10:00,2026-10-09T00:01:00,Herege
AMC,2026-10-09T00:01:00,2026-10-09T01:53:00,Nós
AMC,2026-10-09T01:53:00,2026-10-09T03:27:00,O Código Do Silêncio
AMC,2026-10-09T03:27:00,2026-10-09T04:58:00,Deadlock: Sem Saída
AMC,2026-10-09T04:58:00,2026-10-09T06:18:00,Transporter T1 - Ep. 3
AMC,2026-10-09T06:18:00,2026-10-09T08:08:00,Indiana Jones E O Templo Perdido
AMC,2026-10-09T08:08:00,2026-10-09T09:49:00,The Ice Road: Missão De Risco
AMC,2026-10-09T09:49:00,2026-10-09T10:32:00,Arma Mortífera T1 - Ep. 5
AMC,2026-10-09T10:32:00,2026-10-09T12:25:00,Um Príncipe Em Nova Iorque
AMC,2026-10-09T12:25:00,2026-10-09T14:09:00,O Último Airbender
AMC,2026-10-09T14:09:00,2026-10-09T16:25:00,Apanha-Me Se Puderes
AMC,2026-10-09T16:25:00,2026-10-09T18:17:00,Cidade Dividida
AMC,2026-10-09T18:17:00,2026-10-09T20:10:00,Eraser
AMC,2026-10-09T20:10:00,2026-10-09T22:10:00,Dia De Treino
AMC,2026-10-09T22:10:00,2026-10-10T00:27:00,Teoria Da Conspiração
AMC,2026-10-10T00:27:00,2026-10-10T02:17:00,A Testemunha
AMC,2026-10-10T02:17:00,2026-10-10T04:18:00,Indiana Jones E A Grande Cruzada
AMC,2026-10-10T04:18:00,2026-10-10T05:58:00,Break In
AMC,2026-10-10T05:58:00,2026-10-10T07:48:00,Hunter Killer
AMC,2026-10-10T07:48:00,2026-10-10T09:42:00,Resgate
AMC,2026-10-10T09:42:00,2026-10-10T11:32:00,Os Fura Casamentos
AMC,2026-10-10T11:32:00,2026-10-10T13:37:00,Ossos E Tudo
AMC,2026-10-10T13:37:00,2026-10-10T15:13:00,Shaft
AMC,2026-10-10T15:13:00,2026-10-10T16:52:00,Super Tornado
AMC,2026-10-10T16:52:00,2026-10-10T18:28:00,Os Mercen4Rios
AMC,2026-10-10T18:28:00,2026-10-10T20:29:00,Poder Absoluto
AMC,2026-10-10T20:29:00,2026-10-10T22:10:00,O Código Do Silêncio
AMC,2026-10-10T22:10:00,2026-10-10T23:10:00,Elvis
AXN,2026-10-03T22:00:00,2026-10-04T00:09:00,Jumanji: Bem-Vindos à Selva
AXN,2026-10-04T00:09:00,2026-10-04T01:41:00,MIB: Homens de Negro 2
AXN,2026-10-04T01:41:00,2026-10-04T03:24:00,Liga de Cavalheiros Extraordinários
AXN,2026-10-04T03:24:00,2026-10-04T05:33:00,Exterminador implacável 2: O dia do Julgamento
AXN,2026-10-04T05:33:00,2026-10-04T06:13:00,S.W.A.T.: Força de intervenção T5 - Ep. 6
AXN,2026-10-04T06:13:00,2026-10-04T06:58:00,S.W.A.T.: Força de intervenção T5 - Ep. 7
AXN,2026-10-04T06:58:00,2026-10-04T07:39:00,Mentes Criminosas T12 - Ep. 5
AXN,2026-10-04T07:39:00,2026-10-04T08:26:00,Mentes Criminosas T12 - Ep. 6
AXN,2026-10-04T08:26:00,2026-10-04T09:15:00,Doutora Larsen T2 - Ep. 21
AXN,2026-10-04T09:15:00,2026-10-04T10:06:00,Doutora Larsen T2 - Ep. 22
AXN,2026-10-04T10:06:00,2026-10-04T10:58:00,Doutora Larsen T1 - Ep. 1
AXN,2026-10-04T10:58:00,2026-10-04T11:49:00,Doutora Larsen T1 - Ep. 2
AXN,2026-10-04T11:49:00,2026-10-04T12:44:00,Doutora Larsen T1 - Ep. 3
AXN,2026-10-04T12:44:00,2026-10-04T13:42:00,Doutora Larsen T1 - Ep. 4
AXN,2026-10-04T13:42:00,2026-10-04T16:02:00,John Wick 3: Implacável
AXN,2026-10-04T16:02:00,2026-10-04T17:53:00,Mechanic: Assassino Profissional
AXN,2026-10-04T17:53:00,2026-10-04T20:09:00,Ruptura Explosiva
AXN,2026-10-04T20:09:00,2026-10-04T22:00:00,Money Monster
AXN,2026-10-04T22:00:00,2026-10-04T23:42:00,O Assassino Perfeito
AXN,2026-10-04T23:42:00,2026-10-05T01:26:00,Bala Certeira
AXN,2026-10-05T01:26:00,2026-10-05T03:09:00,Lutador - A Lei das Ruas
AXN,2026-10-05T03:09:00,2026-10-05T04:44:00,XXX2: Estado Radical
AXN,2026-10-05T04:44:00,2026-10-05T05:29:00,Doutora Larsen T2 - Ep. 21
AXN,2026-10-05T05:29:00,2026-10-05T06:14:00,Doutora Larsen T2 - Ep. 22
AXN,2026-10-05T06:14:00,2026-10-05T06:59:00,Doutora Larsen T1 - Ep. 1
AXN,2026-10-05T06:59:00,2026-10-05T08:11:00,Doutora Larsen T1 - Ep. 2
AXN,2026-10-05T08:11:00,2026-10-05T08:54:00,Mentes Criminosas T12 - Ep. 13
AXN,2026-10-05T08:54:00,2026-10-05T09:37:00,Mentes Criminosas T12 - Ep. 14
AXN,2026-10-05T09:37:00,2026-10-05T10:21:00,Chicago Fire T12 - Ep. 1
AXN,2026-10-05T10:21:00,2026-10-05T11:05:00,Chicago Fire T12 - Ep. 2
AXN,2026-10-05T11:05:00,2026-10-05T11:48:00,Chicago Fire T12 - Ep. 3
AXN,2026-10-05T11:48:00,2026-10-05T12:32:00,Chicago Fire T12 - Ep. 4
AXN,2026-10-05T12:32:00,2026-10-05T13:15:00,Chicago Fire T12 - Ep. 5
AXN,2026-10-05T13:15:00,2026-10-05T14:01:00,Chicago Fire T14 - Ep. 1
AXN,2026-10-05T14:01:00,2026-10-05T15:56:00,Jumanji: Bem-Vindos à Selva
AXN,2026-10-05T15:56:00,2026-10-05T17:34:00,Alpha
AXN,2026-10-05T17:34:00,2026-10-05T18:26:00,S.W.A.T.: Força de Intervenção T1 - Ep. 1
AXN,2026-10-05T18:26:00,2026-10-05T19:17:00,S.W.A.T.: Força de Intervenção T1 - Ep. 2
AXN,2026-10-05T19:17:00,2026-10-05T20:09:00,S.W.A.T.: Força de Intervenção T1 - Ep. 3
AXN,2026-10-05T20:09:00,2026-10-05T21:04:00,S.W.A.T.: Força de Intervenção T1 - Ep. 4
AXN,2026-10-05T21:04:00,2026-10-05T22:00:00,S.W.A.T.: Força de Intervenção T8 - Ep. 21
AXN,2026-10-05T22:00:00,2026-10-05T22:54:00,S.W.A.T.: Força de Intervenção T8 - Ep. 22
AXN,2026-10-05T22:54:00,2026-10-05T23:49:00,Chicago Fire T14 - Ep. 2
AXN,2026-10-05T23:49:00,2026-10-06T02:08:00,The Equalizer - Sem Misericórdia
AXN,2026-10-06T02:08:00,2026-10-06T04:04:00,Os Mercenários 3
AXN,2026-10-06T04:04:00,2026-10-06T04:47:00,Chicago Fire T14 - Ep. 1
AXN,2026-10-06T04:47:00,2026-10-06T05:29:00,Chicago Fire T12 - Ep. 1
AXN,2026-10-06T05:29:00,2026-10-06T06:12:00,Chicago Fire T12 - Ep. 2
AXN,2026-10-06T06:12:00,2026-10-06T07:28:00,Chicago Fire T12 - Ep. 3
AXN,2026-10-06T07:28:00,2026-10-06T08:11:00,Mentes Criminosas T12 - Ep. 15
AXN,2026-10-06T08:11:00,2026-10-06T08:54:00,Mentes Criminosas T12 - Ep. 16
AXN,2026-10-06T08:54:00,2026-10-06T09:39:00,The Rookie T6 - Ep. 1
AXN,2026-10-06T09:39:00,2026-10-06T10:23:00,The Rookie T6 - Ep. 2
AXN,2026-10-06T10:23:00,2026-10-06T11:07:00,The Rookie T6 - Ep. 3
AXN,2026-10-06T11:07:00,2026-10-06T11:52:00,The Rookie T6 - Ep. 4
AXN,2026-10-06T11:52:00,2026-10-06T12:36:00,The Rookie T6 - Ep. 5
AXN,2026-10-06T12:36:00,2026-10-06T13:21:00,The Rookie T6 - Ep. 6
AXN,2026-10-06T13:21:00,2026-10-06T15:24:00,Ruptura Explosiva
AXN,2026-10-06T15:24:00,2026-10-06T17:30:00,XXX - Missão Radical
AXN,2026-10-06T17:30:00,2026-10-06T18:23:00,Hudson & Rex T6 - Ep. 1
AXN,2026-10-06T18:23:00,2026-10-06T19:18:00,Hudson & Rex T6 - Ep. 2
AXN,2026-10-06T19:18:00,2026-10-06T20:06:00,Hudson & Rex T6 - Ep. 3
AXN,2026-10-06T20:06:00,2026-10-06T21:04:00,Hudson & Rex T6 - Ep. 4
AXN,2026-10-06T21:04:00,2026-10-06T22:00:00,Hudson & Rex T6 - Ep. 5
AXN,2026-10-06T22:00:00,2026-10-06T23:54:00,Distrito 9
AXN,2026-10-06T23:54:00,2026-10-07T02:14:00,Blackhat: Ameaça na Rede
AXN,2026-10-07T02:14:00,2026-10-07T02:58:00,Mentes Criminosas T12 - Ep. 15
AXN,2026-10-07T02:58:00,2026-10-07T03:42:00,Mentes Criminosas T12 - Ep. 16
AXN,2026-10-07T03:42:00,2026-10-07T04:25:00,The Rookie T6 - Ep. 1
AXN,2026-10-07T04:25:00,2026-10-07T05:09:00,The Rookie T6 - Ep. 2
AXN,2026-10-07T05:09:00,2026-10-07T05:52:00,The Rookie T6 - Ep. 3
AXN,2026-10-07T05:52:00,2026-10-07T06:36:00,Mentes Criminosas T12 - Ep. 17
AXN,2026-10-07T06:36:00,2026-10-07T07:20:00,Mentes Criminosas T12 - Ep. 18
AXN,2026-10-07T07:20:00,2026-10-07T08:13:00,DOC T1 - Ep. 1
AXN,2026-10-07T08:13:00,2026-10-07T09:12:00,DOC T1 - Ep. 2
AXN,2026-10-07T09:12:00,2026-10-07T10:16:00,DOC T1 - Ep. 3
AXN,2026-10-07T10:16:00,2026-10-07T11:18:00,DOC T1 - Ep. 4
AXN,2026-10-07T11:18:00,2026-10-07T12:21:00,DOC T1 - Ep. 5
AXN,2026-10-07T12:21:00,2026-10-07T13:24:00,DOC T1 - Ep. 6
AXN,2026-10-07T13:24:00,2026-10-07T15:46:00,The Equalizer - Sem Misericórdia
AXN,2026-10-07T15:46:00,2026-10-07T17:46:00,Estado de Sítio
AXN,2026-10-07T17:46:00,2026-10-07T18:36:00,Doutora Larsen T1 - Ep. 1
AXN,2026-10-07T18:36:00,2026-10-07T19:26:00,Doutora Larsen T1 - Ep. 2
AXN,2026-10-07T19:26:00,2026-10-07T20:16:00,Doutora Larsen T1 - Ep. 3
AXN,2026-10-07T20:16:00,2026-10-07T21:06:00,Doutora Larsen T1 - Ep. 4
AXN,2026-10-07T21:06:00,2026-10-07T22:00:00,Doutora Larsen T1 - Ep. 5
AXN,2026-10-07T22:00:00,2026-10-08T00:16:00,Knives Out - Todos São Suspeitos
AXN,2026-10-08T00:16:00,2026-10-08T02:03:00,XXX2: Estado Radical
AXN,2026-10-08T02:03:00,2026-10-08T02:43:00,Mentes Criminosas T12 - Ep. 17
AXN,2026-10-08T02:43:00,2026-10-08T03:26:00,Mentes Criminosas T12 - Ep. 18
AXN,2026-10-08T03:26:00,2026-10-08T04:18:00,DOC T1 - Ep. 1
AXN,2026-10-08T04:18:00,2026-10-08T05:17:00,DOC T1 - Ep. 2
AXN,2026-10-08T05:17:00,2026-10-08T06:17:00,DOC T1 - Ep. 3
AXN,2026-10-08T06:17:00,2026-10-08T07:15:00,DOC T1 - Ep. 4
AXN,2026-10-08T07:15:00,2026-10-08T08:19:00,DOC T1 - Ep. 5
AXN,2026-10-08T08:19:00,2026-10-08T09:01:00,Mentes Criminosas T12 - Ep. 19
AXN,2026-10-08T09:01:00,2026-10-08T09:43:00,Mentes Criminosas T12 - Ep. 20
AXN,2026-10-08T09:43:00,2026-10-08T10:28:00,Alex Rider T1 - Ep. 1
AXN,2026-10-08T10:28:00,2026-10-08T11:14:00,Alex Rider T1 - Ep. 2
AXN,2026-10-08T11:14:00,2026-10-08T12:00:00,Alex Rider T1 - Ep. 3
AXN,2026-10-08T12:00:00,2026-10-08T12:46:00,Alex Rider T1 - Ep. 4
AXN,2026-10-08T12:46:00,2026-10-08T13:34:00,Alex Rider T1 - Ep. 5
AXN,2026-10-08T13:34:00,2026-10-08T14:22:00,Alex Rider T1 - Ep. 6
AXN,2026-10-08T14:22:00,2026-10-08T15:58:00,O Assassino Perfeito
AXN,2026-10-08T15:58:00,2026-10-08T17:46:00,Era uma Vez no México
AXN,2026-10-08T17:46:00,2026-10-08T18:36:00,Investigação Criminal T19 - Ep. 1
AXN,2026-10-08T18:36:00,2026-10-08T19:26:00,Investigação Criminal T19 - Ep. 2
AXN,2026-10-08T19:26:00,2026-10-08T20:16:00,Investigação Criminal T19 - Ep. 3
AXN,2026-10-08T20:16:00,2026-10-08T21:06:00,Investigação Criminal T19 - Ep. 4
AXN,2026-10-08T21:06:00,2026-10-08T22:00:00,Investigação Criminal T19 - Ep. 5
AXN,2026-10-08T22:00:00,2026-10-08T23:45:00,Patrulha do Tempo
AXN,2026-10-08T23:45:00,2026-10-09T01:30:00,Mechanic: Assassino Profissional
AXN,2026-10-09T01:30:00,2026-10-09T02:13:00,Mentes Criminosas T12 - Ep. 19
AXN,2026-10-09T02:13:00,2026-10-09T02:56:00,Mentes Criminosas T12 - Ep. 20
AXN,2026-10-09T02:56:00,2026-10-09T03:42:00,Alex Rider T1 - Ep. 1
AXN,2026-10-09T03:42:00,2026-10-09T04:26:00,Alex Rider T1 - Ep. 2
AXN,2026-10-09T04:26:00,2026-10-09T05:10:00,Alex Rider T1 - Ep. 3
AXN,2026-10-09T05:10:00,2026-10-09T05:53:00,Alex Rider T1 - Ep. 4
AXN,2026-10-09T05:53:00,2026-10-09T06:39:00,Alex Rider T1 - Ep. 5
AXN,2026-10-09T06:39:00,2026-10-09T07:21:00,Mentes Criminosas T12 - Ep. 21
AXN,2026-10-09T07:21:00,2026-10-09T08:05:00,Mentes Criminosas T12 - Ep. 22
AXN,2026-10-09T08:05:00,2026-10-09T08:50:00,Alert: Unidade de Pessoas Desaparecidas T1 - Ep. 1
AXN,2026-10-09T08:50:00,2026-10-09T09:36:00,Alert: Unidade de Pessoas Desaparecidas T1 - Ep. 2
AXN,2026-10-09T09:36:00,2026-10-09T10:22:00,Alert: Unidade de Pessoas Desaparecidas T1 - Ep. 3
AXN,2026-10-09T10:22:00,2026-10-09T11:12:00,Alert: Unidade de Pessoas Desaparecidas T1 - Ep. 4
AXN,2026-10-09T11:12:00,2026-10-09T12:00:00,Alert: Unidade de Pessoas Desaparecidas T1 - Ep. 5
AXN,2026-10-09T12:00:00,2026-10-09T12:48:00,Alert: Unidade de Pessoas Desaparecidas T1 - Ep. 6
AXN,2026-10-09T12:48:00,2026-10-09T14:26:00,Bala Certeira
AXN,2026-10-09T14:26:00,2026-10-09T16:33:00,Os Mercenários 3
AXN,2026-10-09T16:33:00,2026-10-09T17:42:00,Viola come il mare T1 - Ep. 1
AXN,2026-10-09T17:42:00,2026-10-09T18:46:00,Viola come il mare T1 - Ep. 2
AXN,2026-10-09T18:46:00,2026-10-09T19:48:00,Viola come il mare T1 - Ep. 3
AXN,2026-10-09T19:48:00,2026-10-09T20:53:00,Viola come il mare T1 - Ep. 4
AXN,2026-10-09T20:53:00,2026-10-09T22:00:00,Viola come il mare T1 - Ep. 5
AXN,2026-10-09T22:00:00,2026-10-10T00:14:00,Bad Boys Para Sempre
AXN,2026-10-10T00:14:00,2026-10-10T02:10:00,The Commuter - O Passageiro
AXN,2026-10-10T02:10:00,2026-10-10T03:57:00,Elysium
AXN,2026-10-10T03:57:00,2026-10-10T04:39:00,Mentes Criminosas T12 - Ep. 21
AXN,2026-10-10T04:39:00,2026-10-10T05:24:00,Alert: Unidade de Pessoas Desaparecidas T1 - Ep. 1
AXN,2026-10-10T05:24:00,2026-10-10T06:09:00,Alert: Unidade de Pessoas Desaparecidas T1 - Ep. 2
AXN,2026-10-10T06:09:00,2026-10-10T06:53:00,Alert: Unidade de Pessoas Desaparecidas T1 - Ep. 3
AXN,2026-10-10T06:53:00,2026-10-10T08:08:00,Alert: Unidade de Pessoas Desaparecidas T1 - Ep. 4
AXN,2026-10-10T08:08:00,2026-10-10T08:53:00,Mentes Criminosas T12 - Ep. 13
AXN,2026-10-10T08:53:00,2026-10-10T09:38:00,Mentes Criminosas T12 - Ep. 14
AXN,2026-10-10T09:38:00,2026-10-10T10:23:00,Hudson & Rex T6 - Ep. 1
AXN,2026-10-10T10:23:00,2026-10-10T11:08:00,Hudson & Rex T6 - Ep. 2
AXN,2026-10-10T11:08:00,2026-10-10T11:54:00,Hudson & Rex T6 - Ep. 3
AXN,2026-10-10T11:54:00,2026-10-10T12:42:00,Hudson & Rex T6 - Ep. 4
AXN,2026-10-10T12:42:00,2026-10-10T13:30:00,Hudson & Rex T6 - Ep. 5
AXN,2026-10-10T13:30:00,2026-10-10T14:20:00,Chicago Fire T14 - Ep. 2
AXN,2026-10-10T14:20:00,2026-10-10T16:00:00,O Assassino Perfeito
AXN,2026-10-10T16:00:00,2026-10-10T17:49:00,Money Monster
AXN,2026-10-10T17:49:00,2026-10-10T20:04:00,Ruptura Explosiva
AXN,2026-10-10T20:04:00,2026-10-10T22:00:00,Point Break - Caçadores de Emoções
AXN,2026-10-10T22:00:00,2026-10-10T23:53:00,Venom
AXN,2026-10-10T23:53:00,2026-10-11T00:53:00,A Torre Negra
AXN Movies,2026-10-03T22:51:00,2026-10-04T00:48:00,Pânico no Túnel
AXN Movies,2026-10-04T00:48:00,2026-10-04T02:24:00,Kiss & Kill - Beijos & Balas
AXN Movies,2026-10-04T02:24:00,2026-10-04T04:00:00,Jovens em Delírio
AXN Movies,2026-10-04T04:00:00,2026-10-04T06:32:00,Ataque ao Poder
AXN Movies,2026-10-04T06:32:00,2026-10-04T08:44:00,O Massacre
AXN Movies,2026-10-04T08:44:00,2026-10-04T10:14:00,A Fúria do Herói
AXN Movies,2026-10-04T10:14:00,2026-10-04T12:05:00,Exterminador Implacável - A Salvação
AXN Movies,2026-10-04T12:05:00,2026-10-04T14:00:00,Quando for jovem
AXN Movies,2026-10-04T14:00:00,2026-10-04T16:44:00,Memórias de uma Gueixa
AXN Movies,2026-10-04T16:44:00,2026-10-04T19:31:00,Robin Hood: Príncipe dos Ladrões
AXN Movies,2026-10-04T19:31:00,2026-10-04T21:10:00,Passageiros
AXN Movies,2026-10-04T21:10:00,2026-10-04T23:18:00,Limite Vertical
AXN Movies,2026-10-04T23:18:00,2026-10-05T01:38:00,Anjos e Demónios
AXN Movies,2026-10-05T01:38:00,2026-10-05T04:45:00,A lista de Schindler
AXN Movies,2026-10-05T04:45:00,2026-10-05T06:47:00,O Jogo
AXN Movies,2026-10-05T06:47:00,2026-10-05T08:29:00,Rambo III
AXN Movies,2026-10-05T08:29:00,2026-10-05T10:22:00,Os Bad Boys
AXN Movies,2026-10-05T10:22:00,2026-10-05T12:28:00,Ataque ao Poder
AXN Movies,2026-10-05T12:28:00,2026-10-05T14:11:00,Louca por Compras
AXN Movies,2026-10-05T14:11:00,2026-10-05T15:49:00,Kiss & Kill - Beijos & Balas
AXN Movies,2026-10-05T15:49:00,2026-10-05T17:42:00,Quando for jovem
AXN Movies,2026-10-05T17:42:00,2026-10-05T19:12:00,Ace Ventura - Detective Animal
AXN Movies,2026-10-05T19:12:00,2026-10-05T21:10:00,Lembras-te da Última Noite?
AXN Movies,2026-10-05T21:10:00,2026-10-05T23:00:00,Sobre a Noite Passada
AXN Movies,2026-10-05T23:00:00,2026-10-06T00:56:00,Alta Pedrada
AXN Movies,2026-10-06T00:56:00,2026-10-06T02:48:00,O Substituto
AXN Movies,2026-10-06T02:48:00,2026-10-06T04:38:00,Quando for jovem
AXN Movies,2026-10-06T04:38:00,2026-10-06T06:17:00,Armados em Polícias
AXN Movies,2026-10-06T06:17:00,2026-10-06T07:46:00,O Duque
AXN Movies,2026-10-06T07:46:00,2026-10-06T09:33:00,Pânico no Túnel
AXN Movies,2026-10-06T09:33:00,2026-10-06T11:12:00,Rambo III
AXN Movies,2026-10-06T11:12:00,2026-10-06T12:33:00,À Prova de Bala
AXN Movies,2026-10-06T12:33:00,2026-10-06T15:04:00,Robin Hood: Príncipe dos Ladrões
AXN Movies,2026-10-06T15:04:00,2026-10-06T17:11:00,O Jogo
AXN Movies,2026-10-06T17:11:00,2026-10-06T19:12:00,Sahara
AXN Movies,2026-10-06T19:12:00,2026-10-06T21:10:00,Coragem Debaixo de Fogo
AXN Movies,2026-10-06T21:10:00,2026-10-06T23:03:00,Ex Machina
AXN Movies,2026-10-06T23:03:00,2026-10-07T00:43:00,Collide - A Alta Velocidade
AXN Movies,2026-10-07T00:43:00,2026-10-07T02:42:00,Limite Vertical
AXN Movies,2026-10-07T02:42:00,2026-10-07T04:55:00,Exterminador Implacável - A Salvação
AXN Movies,2026-10-07T04:55:00,2026-10-07T07:45:00,Memórias de uma Gueixa
AXN Movies,2026-10-07T07:45:00,2026-10-07T09:11:00,Coração Louco
AXN Movies,2026-10-07T09:11:00,2026-10-07T10:48:00,Jovens em Delírio
AXN Movies,2026-10-07T10:48:00,2026-10-07T12:43:00,O Substituto
AXN Movies,2026-10-07T12:43:00,2026-10-07T14:18:00,O Duque
AXN Movies,2026-10-07T14:18:00,2026-10-07T15:53:00,Collide - A Alta Velocidade
AXN Movies,2026-10-07T15:53:00,2026-10-07T17:44:00,Assalto Infernal
AXN Movies,2026-10-07T17:44:00,2026-10-07T19:27:00,Reservation Road - Traídos pelo Destino
AXN Movies,2026-10-07T19:27:00,2026-10-07T21:10:00,Ladrão e Polícia
AXN Movies,2026-10-07T21:10:00,2026-10-07T23:15:00,Dragão Vermelho
AXN Movies,2026-10-07T23:15:00,2026-10-08T01:20:00,A Volta ao Mundo em 80 Dias
AXN Movies,2026-10-08T01:20:00,2026-10-08T02:54:00,A Fúria do Herói
AXN Movies,2026-10-08T02:54:00,2026-10-08T04:26:00,Passageiros
AXN Movies,2026-10-08T04:26:00,2026-10-08T07:27:00,Ataque ao Poder
AXN Movies,2026-10-08T07:27:00,2026-10-08T09:13:00,Ex Machina
AXN Movies,2026-10-08T09:13:00,2026-10-08T11:07:00,Lembras-te da Última Noite?
AXN Movies,2026-10-08T11:07:00,2026-10-08T13:29:00,Memórias de uma Gueixa
AXN Movies,2026-10-08T13:29:00,2026-10-08T15:22:00,Alta Pedrada
AXN Movies,2026-10-08T15:22:00,2026-10-08T17:17:00,Pânico no Túnel
AXN Movies,2026-10-08T17:17:00,2026-10-08T19:28:00,Fúria
AXN Movies,2026-10-08T19:28:00,2026-10-08T21:10:00,D-Tox
AXN Movies,2026-10-08T21:10:00,2026-10-08T22:48:00,O Falcão Inglês
AXN Movies,2026-10-08T22:48:00,2026-10-09T00:55:00,Inferno
AXN Movies,2026-10-09T00:55:00,2026-10-09T02:29:00,O Duque
AXN Movies,2026-10-09T02:29:00,2026-10-09T04:41:00,Anjos e Demónios
AXN Movies,2026-10-09T04:41:00,2026-10-09T06:32:00,Coragem Debaixo de Fogo
AXN Movies,2026-10-09T06:32:00,2026-10-09T08:56:00,Dragão Vermelho
AXN Movies,2026-10-09T08:56:00,2026-10-09T10:18:00,À Prova de Bala
AXN Movies,2026-10-09T10:18:00,2026-10-09T11:46:00,Ace Ventura - Detective Animal
AXN Movies,2026-10-09T11:46:00,2026-10-09T13:46:00,Sahara
AXN Movies,2026-10-09T13:46:00,2026-10-09T15:22:00,Ladrão e Polícia
AXN Movies,2026-10-09T15:22:00,2026-10-09T16:56:00,Passageiros
AXN Movies,2026-10-09T16:56:00,2026-10-09T19:20:00,Duna
AXN Movies,2026-10-09T19:20:00,2026-10-09T21:10:00,DragonHeart: Coração de Dragão
AXN Movies,2026-10-09T21:10:00,2026-10-09T23:15:00,Um Homem Furioso
AXN Movies,2026-10-09T23:15:00,2026-10-10T01:15:00,Em Defesa de Sua Majestade
AXN Movies,2026-10-10T01:15:00,2026-10-10T03:47:00,Robin Hood: Príncipe dos Ladrões
AXN Movies,2026-10-10T03:47:00,2026-10-10T05:24:00,Sobre a Noite Passada
AXN Movies,2026-10-10T05:24:00,2026-10-10T07:31:00,O Substituto
AXN Movies,2026-10-10T07:31:00,2026-10-10T09:26:00,Coragem Debaixo de Fogo
AXN Movies,2026-10-10T09:26:00,2026-10-10T11:23:00,A Volta ao Mundo em 80 Dias
AXN Movies,2026-10-10T11:23:00,2026-10-10T12:53:00,O Falcão Inglês
AXN Movies,2026-10-10T12:53:00,2026-10-10T14:47:00,Lembras-te da Última Noite?
AXN Movies,2026-10-10T14:47:00,2026-10-10T17:05:00,Anjos e Demónios
AXN Movies,2026-10-10T17:05:00,2026-10-10T19:05:00,Triplo 9
AXN Movies,2026-10-10T19:05:00,2026-10-10T21:10:00,Os Bad Boys
AXN Movies,2026-10-10T21:10:00,2026-10-10T23:10:00,O Último Vermeer
AXN Movies,2026-10-10T23:10:00,2026-10-11T00:10:00,A Rapariga Dinamarquesa
AXN White,2026-10-03T23:38:00,2026-10-04T01:04:00,Nikki e Nora: As Gémeas Detetives
AXN White,2026-10-04T01:04:00,2026-10-04T02:32:00,Trocados antes de Nascer
AXN White,2026-10-04T02:32:00,2026-10-04T03:59:00,A Lagoa Azul: O Despertar
AXN White,2026-10-04T03:59:00,2026-10-04T05:35:00,Assassinato em…
AXN White,2026-10-04T05:35:00,2026-10-04T07:09:00,Assassinato em…
AXN White,2026-10-04T07:09:00,2026-10-04T08:12:00,Outlander T6 - Ep. 8
AXN White,2026-10-04T08:12:00,2026-10-04T08:56:00,Quarto 309 (Tur) T1 - Ep. 49
AXN White,2026-10-04T08:56:00,2026-10-04T09:41:00,Quarto 309 (Tur) T1 - Ep. 50
AXN White,2026-10-04T09:41:00,2026-10-04T10:28:00,Quarto 309 (Tur) T1 - Ep. 51
AXN White,2026-10-04T10:28:00,2026-10-04T11:17:00,Quarto 309 (Tur) T1 - Ep. 52
AXN White,2026-10-04T11:17:00,2026-10-04T12:53:00,"6 Dias, 7 Noites"
AXN White,2026-10-04T12:53:00,2026-10-04T14:22:00,Vida de Mentira
AXN White,2026-10-04T14:22:00,2026-10-04T16:03:00,Programa da Noite
AXN White,2026-10-04T16:03:00,2026-10-04T18:03:00,Para Sempre Cinderela
AXN White,2026-10-04T18:03:00,2026-10-04T19:54:00,A Galeria dos Corações Partidos
AXN White,2026-10-04T19:54:00,2026-10-04T21:25:00,Clube dos Anjos Caídos: Heróis e Vilões
AXN White,2026-10-04T21:25:00,2026-10-04T23:39:00,Liga de Mulheres
AXN White,2026-10-04T23:39:00,2026-10-05T01:08:00,Amor Envenenado: A História de Stacey Castor
AXN White,2026-10-05T01:08:00,2026-10-05T02:34:00,"Mary J. Blige, Amor Verdadeiro"
AXN White,2026-10-05T02:34:00,2026-10-05T03:59:00,"Mary J. Blige, a Força de Uma Mulher"
AXN White,2026-10-05T03:59:00,2026-10-05T05:28:00,Assassinato em…
AXN White,2026-10-05T05:28:00,2026-10-05T07:01:00,Assassinato em…
AXN White,2026-10-05T07:01:00,2026-10-05T07:46:00,ASLI entre herdeiros (Tur) T1 - Ep. 2
AXN White,2026-10-05T07:46:00,2026-10-05T08:33:00,Pássaro Sonhador (Tur) T1 - Ep. 11
AXN White,2026-10-05T08:33:00,2026-10-05T09:15:00,O Paraíso das Senhoras T3 - Ep. 128
AXN White,2026-10-05T09:15:00,2026-10-05T11:20:00,Salt-N-Pepa - No Mundo do Hip-Hop
AXN White,2026-10-05T11:20:00,2026-10-05T11:47:00,The Other Bennet Sister T1 - Ep. 9
AXN White,2026-10-05T11:47:00,2026-10-05T12:19:00,The Other Bennet Sister T1 - Ep. 10
AXN White,2026-10-05T12:19:00,2026-10-05T13:05:00,Jogos do destino (Tur) T1 - Ep. 23
AXN White,2026-10-05T13:05:00,2026-10-05T13:56:00,ASLI entre herdeiros (Tur) T1 - Ep. 54
AXN White,2026-10-05T13:56:00,2026-10-05T14:45:00,O Fruto Proibido (Tur) T2 - Ep. 96
AXN White,2026-10-05T14:45:00,2026-10-05T15:32:00,O Fruto Proibido (Tur) T2 - Ep. 97
AXN White,2026-10-05T15:32:00,2026-10-05T16:23:00,Amor Eterno T1 - Ep. 66
AXN White,2026-10-05T16:23:00,2026-10-05T17:51:00,A Lagoa Azul: O Despertar
AXN White,2026-10-05T17:51:00,2026-10-05T18:39:00,Pássaro Sonhador (Tur) T1 - Ep. 49
AXN White,2026-10-05T18:39:00,2026-10-05T19:27:00,Pássaro Sonhador (Tur) T1 - Ep. 50
AXN White,2026-10-05T19:27:00,2026-10-05T20:16:00,Quarto 309 (Tur) T1 - Ep. 25
AXN White,2026-10-05T20:16:00,2026-10-05T20:45:00,The Other Bennet Sister T1 - Ep. 9
AXN White,2026-10-05T20:45:00,2026-10-05T21:25:00,The Other Bennet Sister T1 - Ep. 10
AXN White,2026-10-05T21:25:00,2026-10-05T22:02:00,The Miniature Wife T1 - Ep. 1
AXN White,2026-10-05T22:02:00,2026-10-05T23:49:00,Ricki e os Flash
AXN White,2026-10-05T23:49:00,2026-10-06T01:27:00,Mente Brilhante
AXN White,2026-10-06T01:27:00,2026-10-06T03:23:00,Tens a Certeza?
AXN White,2026-10-06T03:23:00,2026-10-06T04:09:00,O Fruto Proibido T3 - Ep. 60
AXN White,2026-10-06T04:09:00,2026-10-06T04:58:00,Quarto 309 (Tur) T1 - Ep. 25
AXN White,2026-10-06T04:58:00,2026-10-06T05:45:00,Amor Eterno T1 - Ep. 66
AXN White,2026-10-06T05:45:00,2026-10-06T06:33:00,Pássaro Sonhador (Tur) T1 - Ep. 49
AXN White,2026-10-06T06:33:00,2026-10-06T07:20:00,Pássaro Sonhador (Tur) T1 - Ep. 50
AXN White,2026-10-06T07:20:00,2026-10-06T08:09:00,Quarto 309 (Tur) T1 - Ep. 25
AXN White,2026-10-06T08:09:00,2026-10-06T08:59:00,ASLI entre herdeiros (Tur) T1 - Ep. 54
AXN White,2026-10-06T08:59:00,2026-10-06T09:49:00,Fantasy Island T2 - Ep. 8
AXN White,2026-10-06T09:49:00,2026-10-06T10:32:00,O Paraíso das Senhoras T3 - Ep. 129
AXN White,2026-10-06T10:32:00,2026-10-06T11:59:00,Amor Envenenado: A História de Stacey Castor
AXN White,2026-10-06T11:59:00,2026-10-06T12:41:00,The Miniature Wife T1 - Ep. 1
AXN White,2026-10-06T12:41:00,2026-10-06T13:28:00,Jogos do destino (Tur) T1 - Ep. 24
AXN White,2026-10-06T13:28:00,2026-10-06T14:19:00,ASLI entre herdeiros (Tur) T1 - Ep. 55
AXN White,2026-10-06T14:19:00,2026-10-06T15:08:00,O Fruto Proibido (Tur) T2 - Ep. 98
AXN White,2026-10-06T15:08:00,2026-10-06T15:57:00,O Fruto Proibido (Tur) T2 - Ep. 99
AXN White,2026-10-06T15:57:00,2026-10-06T16:46:00,Amor Eterno T1 - Ep. 67
AXN White,2026-10-06T16:46:00,2026-10-06T18:13:00,Trocados antes de Nascer
AXN White,2026-10-06T18:13:00,2026-10-06T19:02:00,Pássaro Sonhador (Tur) T1 - Ep. 51
AXN White,2026-10-06T19:02:00,2026-10-06T19:49:00,Pássaro Sonhador (Tur) T1 - Ep. 52
AXN White,2026-10-06T19:49:00,2026-10-06T20:40:00,Quarto 309 (Tur) T1 - Ep. 26
AXN White,2026-10-06T20:40:00,2026-10-06T21:25:00,The Miniature Wife T1 - Ep. 1
AXN White,2026-10-06T21:25:00,2026-10-06T22:09:00,The Miniature Wife T1 - Ep. 2
AXN White,2026-10-06T22:09:00,2026-10-06T23:42:00,Manteiga
AXN White,2026-10-06T23:42:00,2026-10-07T01:40:00,Julie & Julia
AXN White,2026-10-07T01:40:00,2026-10-07T03:05:00,Nikki e Nora: As Gémeas Detetives
AXN White,2026-10-07T03:05:00,2026-10-07T03:51:00,O Fruto Proibido T3 - Ep. 61
AXN White,2026-10-07T03:51:00,2026-10-07T04:40:00,Quarto 309 (Tur) T1 - Ep. 26
AXN White,2026-10-07T04:40:00,2026-10-07T05:27:00,Amor Eterno T1 - Ep. 67
AXN White,2026-10-07T05:27:00,2026-10-07T06:15:00,Pássaro Sonhador (Tur) T1 - Ep. 51
AXN White,2026-10-07T06:15:00,2026-10-07T07:01:00,Pássaro Sonhador (Tur) T1 - Ep. 52
AXN White,2026-10-07T07:01:00,2026-10-07T07:50:00,Quarto 309 (Tur) T1 - Ep. 26
AXN White,2026-10-07T07:50:00,2026-10-07T08:41:00,ASLI entre herdeiros (Tur) T1 - Ep. 55
AXN White,2026-10-07T08:41:00,2026-10-07T09:12:00,Fantasy Island T2 - Ep. 9
AXN White,2026-10-07T09:12:00,2026-10-07T09:57:00,O Paraíso das Senhoras T3 - Ep. 130
AXN White,2026-10-07T09:57:00,2026-10-07T11:25:00,"Mary J. Blige, Amor Verdadeiro"
AXN White,2026-10-07T11:25:00,2026-10-07T12:09:00,The Miniature Wife T1 - Ep. 2
AXN White,2026-10-07T12:09:00,2026-10-07T12:57:00,Jogos do destino (Tur) T1 - Ep. 25
AXN White,2026-10-07T12:57:00,2026-10-07T13:47:00,ASLI entre herdeiros (Tur) T1 - Ep. 1
AXN White,2026-10-07T13:47:00,2026-10-07T14:35:00,O Fruto Proibido (Tur) T2 - Ep. 100
AXN White,2026-10-07T14:35:00,2026-10-07T15:22:00,O Fruto Proibido (Tur) T2 - Ep. 101
AXN White,2026-10-07T15:22:00,2026-10-07T16:11:00,Amor Eterno T1 - Ep. 68
AXN White,2026-10-07T16:11:00,2026-10-07T18:08:00,O Bebé de Bridget Jones
AXN White,2026-10-07T18:08:00,2026-10-07T18:57:00,Pássaro Sonhador (Tur) T1 - Ep. 53
AXN White,2026-10-07T18:57:00,2026-10-07T19:47:00,Pássaro Sonhador (Tur) T1 - Ep. 54
AXN White,2026-10-07T19:47:00,2026-10-07T20:36:00,Quarto 309 (Tur) T1 - Ep. 27
AXN White,2026-10-07T20:36:00,2026-10-07T21:25:00,The Miniature Wife T1 - Ep. 2
AXN White,2026-10-07T21:25:00,2026-10-07T22:13:00,The Miniature Wife T1 - Ep. 3
AXN White,2026-10-07T22:13:00,2026-10-07T23:45:00,A Estrada para o Céu
AXN White,2026-10-07T23:45:00,2026-10-08T01:12:00,Morning Show Mysteries: Crime para Todo o Sempre
AXN White,2026-10-08T01:12:00,2026-10-08T03:16:00,Erin Brockovich
AXN White,2026-10-08T03:16:00,2026-10-08T04:00:00,O Fruto Proibido T3 - Ep. 62
AXN White,2026-10-08T04:00:00,2026-10-08T04:48:00,Quarto 309 (Tur) T1 - Ep. 27
AXN White,2026-10-08T04:48:00,2026-10-08T05:35:00,Amor Eterno T1 - Ep. 68
AXN White,2026-10-08T05:35:00,2026-10-08T06:22:00,Pássaro Sonhador (Tur) T1 - Ep. 53
AXN White,2026-10-08T06:22:00,2026-10-08T07:10:00,Pássaro Sonhador (Tur) T1 - Ep. 54
AXN White,2026-10-08T07:10:00,2026-10-08T07:58:00,ASLI entre herdeiros (Tur) T1 - Ep. 1
AXN White,2026-10-08T07:58:00,2026-10-08T08:56:00,Fantasy Island T2 - Ep. 10
AXN White,2026-10-08T08:56:00,2026-10-08T09:41:00,O Paraíso das Senhoras T3 - Ep. 131
AXN White,2026-10-08T09:41:00,2026-10-08T11:38:00,Tens a Certeza?
AXN White,2026-10-08T11:38:00,2026-10-08T12:26:00,The Miniature Wife T1 - Ep. 3
AXN White,2026-10-08T12:26:00,2026-10-08T13:13:00,Jogos do destino (Tur) T1 - Ep. 26
AXN White,2026-10-08T13:13:00,2026-10-08T14:00:00,ASLI entre herdeiros (Tur) T1 - Ep. 2
AXN White,2026-10-08T14:00:00,2026-10-08T14:49:00,O Fruto Proibido (Tur) T2 - Ep. 102
AXN White,2026-10-08T14:49:00,2026-10-08T15:38:00,O Fruto Proibido (Tur) T2 - Ep. 103
AXN White,2026-10-08T15:38:00,2026-10-08T16:25:00,Amor Eterno T1 - Ep. 69
AXN White,2026-10-08T16:25:00,2026-10-08T18:06:00,28 Dias
AXN White,2026-10-08T18:06:00,2026-10-08T18:53:00,Pássaro Sonhador (Tur) T1 - Ep. 55
AXN White,2026-10-08T18:53:00,2026-10-08T19:42:00,Pássaro Sonhador (Tur) T1 - Ep. 56
AXN White,2026-10-08T19:42:00,2026-10-08T20:32:00,Quarto 309 (Tur) T1 - Ep. 28
AXN White,2026-10-08T20:32:00,2026-10-08T21:25:00,The Miniature Wife T1 - Ep. 3
AXN White,2026-10-08T21:25:00,2026-10-08T22:14:00,The Miniature Wife T1 - Ep. 4
AXN White,2026-10-08T22:14:00,2026-10-09T00:26:00,O Príncipe Das Marés
AXN White,2026-10-09T00:26:00,2026-10-09T02:06:00,10 Coisas Que Odeio em Ti
AXN White,2026-10-09T02:06:00,2026-10-09T04:09:00,Liga de Mulheres
AXN White,2026-10-09T04:09:00,2026-10-09T04:57:00,O Fruto Proibido T3 - Ep. 63
AXN White,2026-10-09T04:57:00,2026-10-09T05:44:00,Quarto 309 (Tur) T1 - Ep. 28
AXN White,2026-10-09T05:44:00,2026-10-09T06:29:00,Amor Eterno T1 - Ep. 69
AXN White,2026-10-09T06:29:00,2026-10-09T07:14:00,Pássaro Sonhador (Tur) T1 - Ep. 55
AXN White,2026-10-09T07:14:00,2026-10-09T07:59:00,ASLI entre herdeiros (Tur) T1 - Ep. 2
AXN White,2026-10-09T07:59:00,2026-10-09T09:03:00,Fantasy Island T2 - Ep. 11
AXN White,2026-10-09T09:03:00,2026-10-09T09:47:00,O Paraíso das Senhoras T3 - Ep. 132
AXN White,2026-10-09T09:47:00,2026-10-09T11:44:00,O Bebé de Bridget Jones
AXN White,2026-10-09T11:44:00,2026-10-09T12:31:00,The Miniature Wife T1 - Ep. 4
AXN White,2026-10-09T12:31:00,2026-10-09T13:20:00,Jogos do destino (Tur) T1 - Ep. 27
AXN White,2026-10-09T13:20:00,2026-10-09T14:08:00,ASLI entre herdeiros (Tur) T1 - Ep. 3
AXN White,2026-10-09T14:08:00,2026-10-09T14:55:00,O Fruto Proibido (Tur) T2 - Ep. 104
AXN White,2026-10-09T14:55:00,2026-10-09T15:42:00,O Fruto Proibido T3 - Ep. 1
AXN White,2026-10-09T15:42:00,2026-10-09T16:29:00,Amor Eterno T1 - Ep. 70
AXN White,2026-10-09T16:29:00,2026-10-09T18:07:00,Programa da Noite
AXN White,2026-10-09T18:07:00,2026-10-09T18:54:00,Pássaro Sonhador (Tur) T1 - Ep. 57
AXN White,2026-10-09T18:54:00,2026-10-09T19:42:00,Pássaro Sonhador (Tur) T1 - Ep. 58
AXN White,2026-10-09T19:42:00,2026-10-09T20:30:00,Quarto 309 (Tur) T1 - Ep. 29
AXN White,2026-10-09T20:30:00,2026-10-09T21:25:00,The Miniature Wife T1 - Ep. 4
AXN White,2026-10-09T21:25:00,2026-10-09T22:12:00,The Miniature Wife T1 - Ep. 5
AXN White,2026-10-09T22:12:00,2026-10-10T00:10:00,Doidos por Mary
AXN White,2026-10-10T00:10:00,2026-10-10T02:17:00,As Duas Faces do Espelho
AXN White,2026-10-10T02:17:00,2026-10-10T03:53:00,Ricki e os Flash
AXN White,2026-10-10T03:53:00,2026-10-10T04:38:00,O Fruto Proibido T3 - Ep. 64
AXN White,2026-10-10T04:38:00,2026-10-10T05:24:00,Quarto 309 (Tur) T1 - Ep. 29
AXN White,2026-10-10T05:24:00,2026-10-10T06:07:00,Fantasy Island T2 - Ep. 12
AXN White,2026-10-10T06:07:00,2026-10-10T06:47:00,The Miniature Wife T1 - Ep. 1
AXN White,2026-10-10T06:47:00,2026-10-10T07:29:00,The Miniature Wife T1 - Ep. 2
AXN White,2026-10-10T07:29:00,2026-10-10T08:43:00,The Miniature Wife T1 - Ep. 3
AXN White,2026-10-10T08:43:00,2026-10-10T09:30:00,The Miniature Wife T1 - Ep. 4
AXN White,2026-10-10T09:30:00,2026-10-10T10:16:00,The Miniature Wife T1 - Ep. 5
AXN White,2026-10-10T10:16:00,2026-10-10T12:22:00,Erin Brockovich
AXN White,2026-10-10T12:22:00,2026-10-10T14:29:00,O Príncipe Das Marés
AXN White,2026-10-10T14:29:00,2026-10-10T16:07:00,10 Coisas Que Odeio em Ti
AXN White,2026-10-10T16:07:00,2026-10-10T17:33:00,Nikki e Nora: As Gémeas Detetives
AXN White,2026-10-10T17:33:00,2026-10-10T19:23:00,Amigos Coloridos
AXN White,2026-10-10T19:23:00,2026-10-10T21:25:00,O Sorriso de Mona Lisa
AXN White,2026-10-10T21:25:00,2026-10-10T23:35:00,Podia-te Acontecer
AXN White,2026-10-10T23:35:00,2026-10-11T00:35:00,Romance ao Acaso
Hollywood,2026-10-03T23:15:00,2026-10-04T01:35:00,Ambulância
Hollywood,2026-10-04T01:35:00,2026-10-04T03:20:00,Em Terra Selvagem
Hollywood,2026-10-04T03:20:00,2026-10-04T05:05:00,Sede de Viver
Hollywood,2026-10-04T05:05:00,2026-10-04T07:00:00,Destroyer: Ajuste de Contas
Hollywood,2026-10-04T07:00:00,2026-10-04T07:15:00,Hollywood News Feed
Hollywood,2026-10-04T07:15:00,2026-10-04T08:55:00,Garfield: O Filme
Hollywood,2026-10-04T08:55:00,2026-10-04T10:30:00,A Familia Addams 2
Hollywood,2026-10-04T10:30:00,2026-10-04T12:10:00,Clifford - O Cão Vermelho
Hollywood,2026-10-04T12:10:00,2026-10-04T14:40:00,Harry Potter e a Pedra Filosofal
Hollywood,2026-10-04T14:40:00,2026-10-04T17:20:00,Harry Potter e a Câmara dos Segredos
Hollywood,2026-10-04T17:20:00,2026-10-04T19:35:00,O Mundo Perdido - Jurassic Park
Hollywood,2026-10-04T19:35:00,2026-10-04T21:30:00,Missão Impossivel
Hollywood,2026-10-04T21:30:00,2026-10-04T23:15:00,O Predador: Primeira Presa
Hollywood,2026-10-04T23:15:00,2026-10-05T01:10:00,Contra Todos
Hollywood,2026-10-05T01:10:00,2026-10-05T03:05:00,Gunner
Hollywood,2026-10-05T03:05:00,2026-10-05T03:20:00,Hollywood News Feed
Hollywood,2026-10-05T03:20:00,2026-10-05T05:20:00,Ricky Stanicky
Hollywood,2026-10-05T05:20:00,2026-10-05T05:35:00,Hollywood News Feed
Hollywood,2026-10-05T05:35:00,2026-10-05T07:20:00,"American Pie, o Casamento"
Hollywood,2026-10-05T07:20:00,2026-10-05T07:35:00,Hollywood News Feed
Hollywood,2026-10-05T07:35:00,2026-10-05T09:20:00,Cantar!
Hollywood,2026-10-05T09:20:00,2026-10-05T11:25:00,Pinóquio (2019)
Hollywood,2026-10-05T11:25:00,2026-10-05T13:20:00,Togo
Hollywood,2026-10-05T13:20:00,2026-10-05T15:15:00,Astérix & Obélix: O Império do Meio
Hollywood,2026-10-05T15:15:00,2026-10-05T17:35:00,Aquaman
Hollywood,2026-10-05T17:35:00,2026-10-05T19:40:00,Aquaman e o Reino Perdido
Hollywood,2026-10-05T19:40:00,2026-10-05T21:30:00,A Múmia
Hollywood,2026-10-05T21:30:00,2026-10-05T23:10:00,Ninguém
Hollywood,2026-10-05T23:10:00,2026-10-06T00:55:00,Golpe ao Amanhecer
Hollywood,2026-10-06T00:55:00,2026-10-06T02:30:00,Bastille Day - Missão Antiterrorista
Hollywood,2026-10-06T02:30:00,2026-10-06T04:20:00,Five Nights at Freddy´s
Hollywood,2026-10-06T04:20:00,2026-10-06T06:20:00,"Não Te Preocupes, Querida"
Hollywood,2026-10-06T06:20:00,2026-10-06T07:55:00,Bell e Sebastião: A Próxima Geração
Hollywood,2026-10-06T07:55:00,2026-10-06T09:45:00,Barbie
Hollywood,2026-10-06T09:45:00,2026-10-06T11:20:00,A-X-L: Uma Amizade Extraordinária
Hollywood,2026-10-06T11:20:00,2026-10-06T13:30:00,Isto Acaba Aqui
Hollywood,2026-10-06T13:30:00,2026-10-06T16:00:00,007 - Casino Royale
Hollywood,2026-10-06T16:00:00,2026-10-06T17:55:00,Missão Impossivel
Hollywood,2026-10-06T17:55:00,2026-10-06T19:55:00,Kong: Ilha Da Caveira
Hollywood,2026-10-06T19:55:00,2026-10-06T21:30:00,7500
Hollywood,2026-10-06T21:30:00,2026-10-06T23:55:00,Hunger Games - Os Jogos da Fome
Hollywood,2026-10-06T23:55:00,2026-10-07T01:10:00,Balas & Bolinhos
Hollywood,2026-10-07T01:10:00,2026-10-07T03:05:00,Land of Bad
Hollywood,2026-10-07T03:05:00,2026-10-07T05:15:00,The Outpost
Hollywood,2026-10-07T05:15:00,2026-10-07T06:50:00,Pig - A Viagem de Rob
Hollywood,2026-10-07T06:50:00,2026-10-07T07:00:00,Zoom In
Hollywood,2026-10-07T07:00:00,2026-10-07T09:15:00,Sniper Americano
Hollywood,2026-10-07T09:15:00,2026-10-07T11:15:00,Candy Cane Lane
Hollywood,2026-10-07T11:15:00,2026-10-07T13:25:00,Dá e Leva
Hollywood,2026-10-07T13:25:00,2026-10-07T15:45:00,Ambulância
Hollywood,2026-10-07T15:45:00,2026-10-07T17:55:00,Battleship - Batalha Naval
Hollywood,2026-10-07T17:55:00,2026-10-07T19:45:00,A Múmia
Hollywood,2026-10-07T19:45:00,2026-10-07T21:30:00,Vôo em Fúria
Hollywood,2026-10-07T21:30:00,2026-10-07T23:50:00,Challengers
Hollywood,2026-10-07T23:50:00,2026-10-08T01:45:00,Red Right Hand - A Vingança
Hollywood,2026-10-08T01:45:00,2026-10-08T03:45:00,O Guarda-Costas e o Assassino
Hollywood,2026-10-08T03:45:00,2026-10-08T05:25:00,American Pie - A Primeira Vez
Hollywood,2026-10-08T05:25:00,2026-10-08T05:35:00,Zoom In
Hollywood,2026-10-08T05:35:00,2026-10-08T07:45:00,Operação Secreta
Hollywood,2026-10-08T07:45:00,2026-10-08T08:00:00,Hollywood News Feed
Hollywood,2026-10-08T08:00:00,2026-10-08T09:50:00,The Secret: Dare to Dream
Hollywood,2026-10-08T09:50:00,2026-10-08T12:15:00,Tudo em Todo o Lado ao Mesmo Tempo
Hollywood,2026-10-08T12:15:00,2026-10-08T14:35:00,Aquaman
Hollywood,2026-10-08T14:35:00,2026-10-08T16:50:00,Hostis
Hollywood,2026-10-08T16:50:00,2026-10-08T19:20:00,O Cavaleiro das Trevas
Hollywood,2026-10-08T19:20:00,2026-10-08T21:30:00,The Acant - Acerto de Contas
Hollywood,2026-10-08T21:30:00,2026-10-08T23:25:00,Assassin´s Creed
Hollywood,2026-10-08T23:25:00,2026-10-09T01:00:00,Acts of Vengeance
Hollywood,2026-10-09T01:00:00,2026-10-09T02:55:00,O Lado Negro
Hollywood,2026-10-09T02:55:00,2026-10-09T04:45:00,American Pie 2 - O Ano Seguinte
Hollywood,2026-10-09T04:45:00,2026-10-09T04:55:00,Zoom In
Hollywood,2026-10-09T04:55:00,2026-10-09T07:10:00,O Fiel Jardineiro
Hollywood,2026-10-09T07:10:00,2026-10-09T07:25:00,Hollywood News Feed
Hollywood,2026-10-09T07:25:00,2026-10-09T09:20:00,Os Três Mosqueteiros: Milady
Hollywood,2026-10-09T09:20:00,2026-10-09T11:20:00,Eu Capitão
Hollywood,2026-10-09T11:20:00,2026-10-09T13:15:00,Kong: Ilha Da Caveira
Hollywood,2026-10-09T13:15:00,2026-10-09T15:20:00,Aquaman e o Reino Perdido
Hollywood,2026-10-09T15:20:00,2026-10-09T17:45:00,The Flash (2023)
Hollywood,2026-10-09T17:45:00,2026-10-09T19:30:00,Duro De Matar
Hollywood,2026-10-09T19:30:00,2026-10-09T21:30:00,Sem Identidade
Hollywood,2026-10-09T21:30:00,2026-10-09T23:20:00,007 - Quantum Of Solace
Hollywood,2026-10-09T23:20:00,2026-10-10T01:10:00,Wind River
Hollywood,2026-10-10T01:10:00,2026-10-10T03:10:00,A Bala De Deus
Hollywood,2026-10-10T03:10:00,2026-10-10T04:35:00,A Última Morte
Hollywood,2026-10-10T04:35:00,2026-10-10T05:45:00,Balas & Bolinhos
Hollywood,2026-10-10T05:45:00,2026-10-10T07:30:00,Togo
Hollywood,2026-10-10T07:30:00,2026-10-10T09:15:00,Hotel para Cães
Hollywood,2026-10-10T09:15:00,2026-10-10T10:50:00,Alvin e os Esquilos
Hollywood,2026-10-10T10:50:00,2026-10-10T13:25:00,Harry Potter e a Câmara dos Segredos
Hollywood,2026-10-10T13:25:00,2026-10-10T15:45:00,Harry Potter e o Prisioneiro de Azkaban
Hollywood,2026-10-10T15:45:00,2026-10-10T17:20:00,Jurassic Park III
Hollywood,2026-10-10T17:20:00,2026-10-10T19:25:00,Black Adam
Hollywood,2026-10-10T19:25:00,2026-10-10T21:30:00,Missão: Impossível 2
Hollywood,2026-10-10T21:30:00,2026-10-10T23:15:00,Pistol Whipped - Jogo Mortal
Hollywood,2026-10-10T23:15:00,2026-10-11T00:15:00,O Predador: Primeira Presa
NOS Studios,2026-10-04T01:10:00,2026-10-04T02:45:00,O Jesuíta
NOS Studios,2026-10-04T01:28:00,2026-10-04T03:20:00,1917
NOS Studios,2026-10-04T02:45:00,2026-10-04T04:35:00,O Caso DeLorean
NOS Studios,2026-10-04T04:35:00,2026-10-04T06:01:00,Antigang
NOS Studios,2026-10-04T06:01:00,2026-10-04T07:25:00,Alerta Global
NOS Studios,2026-10-04T07:25:00,2026-10-04T09:52:00,Km 224
NOS Studios,2026-10-04T09:52:00,2026-10-04T11:12:00,Capitão Dentes de Sabre e a Condessa de Gral (VP)
NOS Studios,2026-10-04T11:12:00,2026-10-04T12:44:00,O Mundo Secreto dos Dragões (VP)
NOS Studios,2026-10-04T12:44:00,2026-10-04T14:15:00,Com Outra? …Nem Morta!
NOS Studios,2026-10-04T14:15:00,2026-10-04T15:36:00,Soldado Universal: O Regresso
NOS Studios,2026-10-04T15:36:00,2026-10-04T17:35:00,Miami Vice
NOS Studios,2026-10-04T17:35:00,2026-10-04T19:21:00,Mestres da Ilusão: Nada é o que Parece
NOS Studios,2026-10-04T19:21:00,2026-10-04T20:50:00,Inverno Mortal
NOS Studios,2026-10-04T20:50:00,2026-10-04T22:15:00,The Hunter's Prayer - Assassino Contratado
NOS Studios,2026-10-04T22:15:00,2026-10-04T23:40:00,Sobreviver
NOS Studios,2026-10-04T23:40:00,2026-10-05T01:28:00,Al Berto
NOS Studios,2026-10-05T01:11:00,2026-10-05T02:47:00,Teia de Corrupção
NOS Studios,2026-10-05T01:28:00,2026-10-05T03:20:00,1917
NOS Studios,2026-10-05T03:20:00,2026-10-05T05:15:00,Quero Ser uma Estrela
NOS Studios,2026-10-05T05:15:00,2026-10-05T06:36:00,Um Parceiro para Ornamentar o Natal
NOS Studios,2026-10-05T06:36:00,2026-10-05T08:05:00,Sintonia de Natal
NOS Studios,2026-10-05T08:05:00,2026-10-05T09:31:00,Que Ganhe o Melhor Casamento
NOS Studios,2026-10-05T09:31:00,2026-10-05T11:06:00,Um Susto De Família 2 (VP)
NOS Studios,2026-10-05T11:06:00,2026-10-05T12:31:00,Planeta Willy (VP)
NOS Studios,2026-10-05T12:31:00,2026-10-05T13:55:00,"Eu, Frankenstein"
NOS Studios,2026-10-05T13:55:00,2026-10-05T15:46:00,Mulheres!
NOS Studios,2026-10-05T15:46:00,2026-10-05T17:15:00,O Iate
NOS Studios,2026-10-05T17:15:00,2026-10-05T18:51:00,IF: Amigos Imaginários
NOS Studios,2026-10-05T18:51:00,2026-10-05T20:56:00,Som da Liberdade
NOS Studios,2026-10-05T20:56:00,2026-10-05T22:15:00,Conspiração Implacável
NOS Studios,2026-10-05T22:15:00,2026-10-05T23:51:00,Código De Silêncio
NOS Studios,2026-10-05T23:51:00,2026-10-06T01:11:00,Esquadrão de Combate
NOS Studios,2026-10-06T01:11:00,2026-10-06T02:47:00,Teia de Corrupção
NOS Studios,2026-10-06T01:16:00,2026-10-06T03:25:00,Inimigos Públicos
NOS Studios,2026-10-06T02:47:00,2026-10-06T04:21:00,Paixão Azul
NOS Studios,2026-10-06T04:21:00,2026-10-06T05:45:00,Operação Quebra-Nozes
NOS Studios,2026-10-06T05:45:00,2026-10-06T07:12:00,A Estação do Amor
NOS Studios,2026-10-06T07:12:00,2026-10-06T08:57:00,Quero-te Tanto
NOS Studios,2026-10-06T08:57:00,2026-10-06T10:16:00,O Mundo da Lua (VP)
NOS Studios,2026-10-06T10:16:00,2026-10-06T11:40:00,A Playlist do Amor
NOS Studios,2026-10-06T11:40:00,2026-10-06T13:06:00,Tradições de Natal na Quinta Carbell
NOS Studios,2026-10-06T13:06:00,2026-10-06T14:55:00,Bons Rapazes
NOS Studios,2026-10-06T14:55:00,2026-10-06T16:27:00,O Milagre Segundo Salomé
NOS Studios,2026-10-06T16:27:00,2026-10-06T17:56:00,Com Outra? …Nem Morta!
NOS Studios,2026-10-06T17:56:00,2026-10-06T20:41:00,A Herdade
NOS Studios,2026-10-06T20:41:00,2026-10-06T22:15:00,Renegados
NOS Studios,2026-10-06T22:15:00,2026-10-06T23:55:00,Caminho de Fogo
NOS Studios,2026-10-06T23:55:00,2026-10-07T01:16:00,88 - Vingança
NOS Studios,2026-10-07T01:15:00,2026-10-07T03:05:00,O Caso Delorean
NOS Studios,2026-10-07T01:16:00,2026-10-07T03:25:00,Inimigos Públicos
NOS Studios,2026-10-07T03:25:00,2026-10-07T04:55:00,A Melodia do Mal
NOS Studios,2026-10-07T04:55:00,2026-10-07T06:30:00,Taxi 5
NOS Studios,2026-10-07T06:30:00,2026-10-07T08:00:00,Dulcineia
NOS Studios,2026-10-07T08:00:00,2026-10-07T09:25:00,Sincerely Truly Christmas
NOS Studios,2026-10-07T09:25:00,2026-10-07T11:00:00,Swelter - A Vingança
NOS Studios,2026-10-07T11:00:00,2026-10-07T12:25:00,Quase como um Filme de Natal
NOS Studios,2026-10-07T12:25:00,2026-10-07T14:00:00,Diamantino
NOS Studios,2026-10-07T14:00:00,2026-10-07T15:25:00,A Playful Love
NOS Studios,2026-10-07T15:25:00,2026-10-07T16:55:00,O Iate
NOS Studios,2026-10-07T16:55:00,2026-10-07T19:00:00,Valerian e a Cidade dos Mil Planetas
NOS Studios,2026-10-07T19:00:00,2026-10-07T20:50:00,Mulheres!
NOS Studios,2026-10-07T20:50:00,2026-10-07T22:15:00,Hora de Vingança
NOS Studios,2026-10-07T22:15:00,2026-10-07T23:45:00,A Face da Morte
NOS Studios,2026-10-07T23:45:00,2026-10-08T01:15:00,O Fuzileiro Implacável
NOS Studios,2026-10-08T01:15:00,2026-10-08T03:05:00,O Caso Delorean
NOS Studios,2026-10-08T01:35:00,2026-10-08T03:30:00,Quero Ser Uma Estrela
NOS Studios,2026-10-08T03:05:00,2026-10-08T04:35:00,Um Par para o Natal
NOS Studios,2026-10-08T04:35:00,2026-10-08T06:05:00,O Milagre Segundo Salomé
NOS Studios,2026-10-08T06:05:00,2026-10-08T07:30:00,Tradições de Natal na Quinta Carbell
NOS Studios,2026-10-08T07:30:00,2026-10-08T08:50:00,O Mundo da Lua
NOS Studios,2026-10-08T08:50:00,2026-10-08T10:15:00,Merry Magic Christmas
NOS Studios,2026-10-08T10:15:00,2026-10-08T11:40:00,Que Ganhe o melhor Casamento
NOS Studios,2026-10-08T11:40:00,2026-10-08T13:05:00,Condução Perigosa
NOS Studios,2026-10-08T13:05:00,2026-10-08T14:45:00,Ruth
NOS Studios,2026-10-08T14:45:00,2026-10-08T16:10:00,Contra-Ataque Mortal
NOS Studios,2026-10-08T16:10:00,2026-10-08T17:40:00,Cenas de Natureza Sexual
NOS Studios,2026-10-08T17:40:00,2026-10-08T19:10:00,Com a Corda no Pescoço
NOS Studios,2026-10-08T19:10:00,2026-10-08T20:40:00,Bullet
NOS Studios,2026-10-08T20:40:00,2026-10-08T22:15:00,IF: Amigos Imaginários
NOS Studios,2026-10-08T22:15:00,2026-10-08T23:50:00,Categoria 5
NOS Studios,2026-10-08T23:50:00,2026-10-09T01:35:00,Sabotagem
NOS Studios,2026-10-09T00:10:00,2026-10-09T01:55:00,Donnie Darko
NOS Studios,2026-10-09T01:35:00,2026-10-09T03:30:00,Quero Ser Uma Estrela
NOS Studios,2026-10-09T01:55:00,2026-10-09T03:35:00,Procura-se Morto ou Vivo
NOS Studios,2026-10-09T03:30:00,2026-10-09T05:00:00,Unforgettable Christmas
NOS Studios,2026-10-09T05:00:00,2026-10-09T06:55:00,Al Berto
NOS Studios,2026-10-09T06:55:00,2026-10-09T08:20:00,Um Plano para o Natal
NOS Studios,2026-10-09T08:20:00,2026-10-09T09:45:00,Capitão Dentes de Sabre e a Condessa de Gral
NOS Studios,2026-10-09T09:45:00,2026-10-09T11:35:00,O Leão da Estrela (2015)
NOS Studios,2026-10-09T11:35:00,2026-10-09T13:00:00,Amor pelo Espetáculo
NOS Studios,2026-10-09T13:00:00,2026-10-09T15:45:00,A Herdade
NOS Studios,2026-10-09T15:45:00,2026-10-09T17:25:00,Ligações Imprevistas
NOS Studios,2026-10-09T17:25:00,2026-10-09T18:55:00,De Malas Aviadas
NOS Studios,2026-10-09T18:55:00,2026-10-09T20:50:00,O Sobrevivente
NOS Studios,2026-10-09T20:50:00,2026-10-09T22:15:00,Ladrões de Elite
NOS Studios,2026-10-09T22:15:00,2026-10-10T00:10:00,The Smashing Machine: Coração de Lutador
NOS Studios,2026-10-10T01:05:00,2026-10-10T02:30:00,Geração Esquecida
NOS Studios,2026-10-10T01:55:00,2026-10-10T03:35:00,Procura-se Morto ou Vivo
NOS Studios,2026-10-10T03:35:00,2026-10-10T05:05:00,A Experiência
NOS Studios,2026-10-10T05:05:00,2026-10-10T06:30:00,Voa Comigo (2023)
NOS Studios,2026-10-10T06:30:00,2026-10-10T08:35:00,Valerian e a Cidade dos Mil Planetas
NOS Studios,2026-10-10T08:35:00,2026-10-10T10:10:00,Um Susto de Família 2
NOS Studios,2026-10-10T10:10:00,2026-10-10T11:35:00,Ângelo na Floresta Mágica
NOS Studios,2026-10-10T11:35:00,2026-10-10T13:00:00,Os Sete Anões e os Sapatos Mágicos
NOS Studios,2026-10-10T13:00:00,2026-10-10T14:35:00,IF: Amigos Imaginários
NOS Studios,2026-10-10T14:35:00,2026-10-10T16:15:00,Ligações Imprevistas
NOS Studios,2026-10-10T16:15:00,2026-10-10T17:50:00,Renegados
NOS Studios,2026-10-10T17:50:00,2026-10-10T19:20:00,Guia para o Amor
NOS Studios,2026-10-10T19:20:00,2026-10-10T20:45:00,Uma Traição Fatal
NOS Studios,2026-10-10T20:45:00,2026-10-10T22:15:00,Inverno Mortal
NOS Studios,2026-10-10T22:15:00,2026-10-10T23:40:00,Voa Comigo
NOS Studios,2026-10-10T23:40:00,2026-10-11T01:05:00,Sobreviver
STAR Channel,2026-10-03T21:20:00,2026-10-04T00:07:00,Furiosa: Uma Saga Mad Max
STAR Channel,2026-10-04T00:07:00,2026-10-04T02:31:00,A Agente Vermelha
STAR Channel,2026-10-04T02:31:00,2026-10-04T04:33:00,Rixa No Bloco 99
STAR Channel,2026-10-04T04:33:00,2026-10-04T05:14:00,The Equalizer T2 - Ep. 2
STAR Channel,2026-10-04T05:14:00,2026-10-04T05:55:00,The Equalizer T2 - Ep. 3
STAR Channel,2026-10-04T05:55:00,2026-10-04T06:36:00,The Equalizer T2 - Ep. 4
STAR Channel,2026-10-04T06:36:00,2026-10-04T06:56:00,Night Court T3 - Ep. 3
STAR Channel,2026-10-04T06:56:00,2026-10-04T07:39:00,Chicago P.D. T5 - Ep. 7
STAR Channel,2026-10-04T07:39:00,2026-10-04T08:22:00,Chicago P.D. T5 - Ep. 8
STAR Channel,2026-10-04T08:22:00,2026-10-04T09:03:00,Chicago P.D. T5 - Ep. 9
STAR Channel,2026-10-04T09:03:00,2026-10-04T09:50:00,Chicago P.D. T5 - Ep. 10
STAR Channel,2026-10-04T09:50:00,2026-10-04T10:39:00,Chicago P.D. T5 - Ep. 11
STAR Channel,2026-10-04T10:39:00,2026-10-04T11:19:00,Chicago P.D. T5 - Ep. 12
STAR Channel,2026-10-04T11:19:00,2026-10-04T13:07:00,Line Of Duty - O Resgate
STAR Channel,2026-10-04T13:07:00,2026-10-04T15:54:00,Robin Hood
STAR Channel,2026-10-04T15:54:00,2026-10-04T18:47:00,Furiosa: Uma Saga Mad Max
STAR Channel,2026-10-04T18:47:00,2026-10-04T21:20:00,A Agente Vermelha
STAR Channel,2026-10-04T21:20:00,2026-10-04T23:12:00,Max Payne
STAR Channel,2026-10-04T23:12:00,2026-10-05T00:53:00,Cash Out - Assalto Perfeito
STAR Channel,2026-10-05T00:53:00,2026-10-05T02:47:00,Soldados Da Fortuna
STAR Channel,2026-10-05T02:47:00,2026-10-05T03:30:00,The Equalizer T2 - Ep. 5
STAR Channel,2026-10-05T03:30:00,2026-10-05T04:09:00,The Equalizer T2 - Ep. 6
STAR Channel,2026-10-05T04:09:00,2026-10-05T04:51:00,The Equalizer T2 - Ep. 7
STAR Channel,2026-10-05T04:51:00,2026-10-05T05:32:00,The Equalizer T2 - Ep. 8
STAR Channel,2026-10-05T05:32:00,2026-10-05T06:12:00,The Equalizer T2 - Ep. 9
STAR Channel,2026-10-05T06:12:00,2026-10-05T06:33:00,Night Court T3 - Ep. 4
STAR Channel,2026-10-05T06:33:00,2026-10-05T07:14:00,Tracker T3 - Ep. 5
STAR Channel,2026-10-05T07:14:00,2026-10-05T07:54:00,Tracker T3 - Ep. 6
STAR Channel,2026-10-05T07:54:00,2026-10-05T08:40:00,R.J. Decker T1 - Ep. 1
STAR Channel,2026-10-05T08:40:00,2026-10-05T09:20:00,R.J. Decker T1 - Ep. 2
STAR Channel,2026-10-05T09:20:00,2026-10-05T10:04:00,R.J. Decker T1 - Ep. 3
STAR Channel,2026-10-05T10:04:00,2026-10-05T10:50:00,R.J. Decker T1 - Ep. 4
STAR Channel,2026-10-05T10:50:00,2026-10-05T11:30:00,R.J. Decker T1 - Ep. 5
STAR Channel,2026-10-05T11:30:00,2026-10-05T12:15:00,R.J. Decker T1 - Ep. 6
STAR Channel,2026-10-05T12:15:00,2026-10-05T14:29:00,A Múmia
STAR Channel,2026-10-05T14:29:00,2026-10-05T16:46:00,O Regresso Da Múmia
STAR Channel,2026-10-05T16:46:00,2026-10-05T18:45:00,Soldados Da Fortuna
STAR Channel,2026-10-05T18:45:00,2026-10-05T20:35:00,Max Payne
STAR Channel,2026-10-05T20:35:00,2026-10-05T22:16:00,Invasão De Domicílio
STAR Channel,2026-10-05T22:16:00,2026-10-05T23:04:00,The Hunting Party T2 - Ep. 4
STAR Channel,2026-10-05T23:04:00,2026-10-05T23:57:00,Tracker T3 - Ep. 18
STAR Channel,2026-10-05T23:57:00,2026-10-06T00:49:00,FBI: Most Wanted T3 - Ep. 5
STAR Channel,2026-10-06T00:49:00,2026-10-06T01:31:00,FBI: Most Wanted T3 - Ep. 6
STAR Channel,2026-10-06T01:31:00,2026-10-06T02:09:00,FBI T7 - Ep. 7
STAR Channel,2026-10-06T02:09:00,2026-10-06T02:49:00,FBI T7 - Ep. 8
STAR Channel,2026-10-06T02:49:00,2026-10-06T04:58:00,Robin Hood
STAR Channel,2026-10-06T04:58:00,2026-10-06T05:38:00,The Hunting Party T2 - Ep. 4
STAR Channel,2026-10-06T05:38:00,2026-10-06T06:18:00,Chicago P.D. T5 - Ep. 9
STAR Channel,2026-10-06T06:18:00,2026-10-06T07:04:00,Tracker T3 - Ep. 7
STAR Channel,2026-10-06T07:04:00,2026-10-06T07:49:00,Tracker T3 - Ep. 8
STAR Channel,2026-10-06T07:49:00,2026-10-06T08:35:00,Hawai Força Especial T8 - Ep. 4
STAR Channel,2026-10-06T08:35:00,2026-10-06T09:16:00,Hawai Força Especial T8 - Ep. 5
STAR Channel,2026-10-06T09:16:00,2026-10-06T10:02:00,FBI T7 - Ep. 5
STAR Channel,2026-10-06T10:02:00,2026-10-06T10:47:00,FBI T7 - Ep. 6
STAR Channel,2026-10-06T10:47:00,2026-10-06T11:32:00,The Equalizer T2 - Ep. 12
STAR Channel,2026-10-06T11:32:00,2026-10-06T12:16:00,The Equalizer T2 - Ep. 13
STAR Channel,2026-10-06T12:16:00,2026-10-06T13:05:00,CSI: Miami T6 - Ep. 7
STAR Channel,2026-10-06T13:05:00,2026-10-06T13:56:00,CSI: Miami T6 - Ep. 8
STAR Channel,2026-10-06T13:56:00,2026-10-06T14:46:00,Chicago P.D. T5 - Ep. 7
STAR Channel,2026-10-06T14:46:00,2026-10-06T15:30:00,Chicago P.D. T5 - Ep. 8
STAR Channel,2026-10-06T15:30:00,2026-10-06T16:17:00,Chicago P.D. T5 - Ep. 13
STAR Channel,2026-10-06T16:17:00,2026-10-06T17:06:00,Chicago P.D. T5 - Ep. 14
STAR Channel,2026-10-06T17:06:00,2026-10-06T17:55:00,FBI T7 - Ep. 3
STAR Channel,2026-10-06T17:55:00,2026-10-06T18:44:00,FBI T7 - Ep. 4
STAR Channel,2026-10-06T18:44:00,2026-10-06T19:36:00,FBI T7 - Ep. 9
STAR Channel,2026-10-06T19:36:00,2026-10-06T20:24:00,FBI T7 - Ep. 10
STAR Channel,2026-10-06T20:24:00,2026-10-06T21:20:00,Hawai Força Especial T8 - Ep. 6
STAR Channel,2026-10-06T21:20:00,2026-10-06T22:15:00,Hawai Força Especial T8 - Ep. 7
STAR Channel,2026-10-06T22:15:00,2026-10-06T22:54:00,Chicago P.D. T13 - Ep. 1
STAR Channel,2026-10-06T22:54:00,2026-10-06T23:43:00,Boston Blue T1 - Ep. 1
STAR Channel,2026-10-06T23:43:00,2026-10-07T00:37:00,Sheriff Country T1 - Ep. 15
STAR Channel,2026-10-07T00:37:00,2026-10-07T01:18:00,Sheriff Country T1 - Ep. 16
STAR Channel,2026-10-07T01:18:00,2026-10-07T02:01:00,FBI: Most Wanted T3 - Ep. 7
STAR Channel,2026-10-07T02:01:00,2026-10-07T02:40:00,FBI: Most Wanted T3 - Ep. 8
STAR Channel,2026-10-07T02:40:00,2026-10-07T03:23:00,R.J. Decker T1 - Ep. 1
STAR Channel,2026-10-07T03:23:00,2026-10-07T04:04:00,R.J. Decker T1 - Ep. 2
STAR Channel,2026-10-07T04:04:00,2026-10-07T04:45:00,R.J. Decker T1 - Ep. 3
STAR Channel,2026-10-07T04:45:00,2026-10-07T05:25:00,R.J. Decker T1 - Ep. 4
STAR Channel,2026-10-07T05:25:00,2026-10-07T06:05:00,R.J. Decker T1 - Ep. 5
STAR Channel,2026-10-07T06:05:00,2026-10-07T06:26:00,Night Court T3 - Ep. 4
STAR Channel,2026-10-07T06:26:00,2026-10-07T07:20:00,Evil T4 - Ep. 8
STAR Channel,2026-10-07T07:20:00,2026-10-07T08:01:00,Tracker T3 - Ep. 10
STAR Channel,2026-10-07T08:01:00,2026-10-07T08:45:00,Hawai Força Especial T8 - Ep. 6
STAR Channel,2026-10-07T08:45:00,2026-10-07T09:27:00,Hawai Força Especial T8 - Ep. 7
STAR Channel,2026-10-07T09:27:00,2026-10-07T10:08:00,FBI T7 - Ep. 7
STAR Channel,2026-10-07T10:08:00,2026-10-07T10:55:00,FBI T7 - Ep. 8
STAR Channel,2026-10-07T10:55:00,2026-10-07T11:41:00,The Equalizer T2 - Ep. 14
STAR Channel,2026-10-07T11:41:00,2026-10-07T12:24:00,The Equalizer T2 - Ep. 15
STAR Channel,2026-10-07T12:24:00,2026-10-07T13:09:00,CSI: Miami T6 - Ep. 9
STAR Channel,2026-10-07T13:09:00,2026-10-07T13:59:00,CSI: Miami T6 - Ep. 10
STAR Channel,2026-10-07T13:59:00,2026-10-07T14:50:00,Chicago P.D. T5 - Ep. 9
STAR Channel,2026-10-07T14:50:00,2026-10-07T15:37:00,Chicago P.D. T5 - Ep. 10
STAR Channel,2026-10-07T15:37:00,2026-10-07T16:21:00,Chicago P.D. T5 - Ep. 15
STAR Channel,2026-10-07T16:21:00,2026-10-07T17:11:00,Chicago P.D. T5 - Ep. 16
STAR Channel,2026-10-07T17:11:00,2026-10-07T18:01:00,FBI T7 - Ep. 5
STAR Channel,2026-10-07T18:01:00,2026-10-07T18:47:00,FBI T7 - Ep. 6
STAR Channel,2026-10-07T18:47:00,2026-10-07T19:35:00,FBI T7 - Ep. 11
STAR Channel,2026-10-07T19:35:00,2026-10-07T20:24:00,FBI T7 - Ep. 12
STAR Channel,2026-10-07T20:24:00,2026-10-07T21:19:00,Hawai Força Especial T8 - Ep. 8
STAR Channel,2026-10-07T21:19:00,2026-10-07T22:16:00,Hawai Força Especial T8 - Ep. 9
STAR Channel,2026-10-07T22:16:00,2026-10-07T23:05:00,R.J. Decker T1 - Ep. 9
STAR Channel,2026-10-07T23:05:00,2026-10-08T00:00:00,CIA T1 - Ep. 2
STAR Channel,2026-10-08T00:00:00,2026-10-08T00:52:00,FBI: Most Wanted T3 - Ep. 9
STAR Channel,2026-10-08T00:52:00,2026-10-08T01:34:00,FBI: Most Wanted T3 - Ep. 10
STAR Channel,2026-10-08T01:34:00,2026-10-08T02:13:00,FBI T7 - Ep. 9
STAR Channel,2026-10-08T02:13:00,2026-10-08T02:53:00,FBI T7 - Ep. 10
STAR Channel,2026-10-08T02:53:00,2026-10-08T05:07:00,Furiosa: Uma Saga Mad Max
STAR Channel,2026-10-08T05:07:00,2026-10-08T05:48:00,R.J. Decker T1 - Ep. 9
STAR Channel,2026-10-08T05:48:00,2026-10-08T06:39:00,Chicago P.D. T5 - Ep. 11
STAR Channel,2026-10-08T06:39:00,2026-10-08T06:54:00,Chicago P.D. T5 - Ep. 12
STAR Channel,2026-10-08T06:54:00,2026-10-08T07:09:00,Night Court T3 - Ep. 3
STAR Channel,2026-10-08T07:09:00,2026-10-08T07:24:00,Tracker T3 - Ep. 10
STAR Channel,2026-10-08T07:24:00,2026-10-08T07:39:00,Tracker T3 - Ep. 11
STAR Channel,2026-10-08T07:39:00,2026-10-08T07:54:00,Tracker T3 - Ep. 12
STAR Channel,2026-10-08T07:54:00,2026-10-08T08:13:00,Hawai Força Especial T8 - Ep. 8
STAR Channel,2026-10-08T08:13:00,2026-10-08T08:59:00,Hawai Força Especial T8 - Ep. 9
STAR Channel,2026-10-08T08:59:00,2026-10-08T09:45:00,FBI T7 - Ep. 9
STAR Channel,2026-10-08T09:45:00,2026-10-08T10:32:00,FBI T7 - Ep. 10
STAR Channel,2026-10-08T10:32:00,2026-10-08T11:18:00,The Equalizer T2 - Ep. 16
STAR Channel,2026-10-08T11:18:00,2026-10-08T12:02:00,The Equalizer T2 - Ep. 17
STAR Channel,2026-10-08T12:02:00,2026-10-08T12:52:00,CSI: Miami T6 - Ep. 11
STAR Channel,2026-10-08T12:52:00,2026-10-08T13:43:00,CSI: Miami T6 - Ep. 12
STAR Channel,2026-10-08T13:43:00,2026-10-08T14:33:00,Chicago P.D. T5 - Ep. 11
STAR Channel,2026-10-08T14:33:00,2026-10-08T15:20:00,Chicago P.D. T5 - Ep. 12
STAR Channel,2026-10-08T15:20:00,2026-10-08T16:06:00,Chicago P.D. T5 - Ep. 17
STAR Channel,2026-10-08T16:06:00,2026-10-08T16:57:00,Chicago P.D. T5 - Ep. 18
STAR Channel,2026-10-08T16:57:00,2026-10-08T17:49:00,FBI T7 - Ep. 7
STAR Channel,2026-10-08T17:49:00,2026-10-08T18:43:00,FBI T7 - Ep. 8
STAR Channel,2026-10-08T18:43:00,2026-10-08T19:38:00,FBI T7 - Ep. 13
STAR Channel,2026-10-08T19:38:00,2026-10-08T20:25:00,FBI T7 - Ep. 14
STAR Channel,2026-10-08T20:25:00,2026-10-08T21:20:00,Hawai Força Especial T8 - Ep. 10
STAR Channel,2026-10-08T21:20:00,2026-10-08T22:15:00,Hawai Força Especial T8 - Ep. 11
STAR Channel,2026-10-08T22:15:00,2026-10-08T23:04:00,Jack Ryan T2 - Ep. 3
STAR Channel,2026-10-08T23:04:00,2026-10-08T23:58:00,Jack Ryan T2 - Ep. 4
STAR Channel,2026-10-08T23:58:00,2026-10-09T00:51:00,FBI T3 - Ep. 11
STAR Channel,2026-10-09T00:51:00,2026-10-09T01:31:00,FBI T3 - Ep. 12
STAR Channel,2026-10-09T01:31:00,2026-10-09T02:19:00,FBI T7 - Ep. 11
STAR Channel,2026-10-09T02:19:00,2026-10-09T03:01:00,FBI T7 - Ep. 12
STAR Channel,2026-10-09T03:01:00,2026-10-09T04:25:00,Cash Out - Assalto Perfeito
STAR Channel,2026-10-09T04:25:00,2026-10-09T05:07:00,Jack Ryan T2 - Ep. 3
STAR Channel,2026-10-09T05:07:00,2026-10-09T05:46:00,Jack Ryan T2 - Ep. 4
STAR Channel,2026-10-09T05:46:00,2026-10-09T06:26:00,Chicago P.D. T5 - Ep. 13
STAR Channel,2026-10-09T06:26:00,2026-10-09T06:41:00,Chicago P.D. T5 - Ep. 14
STAR Channel,2026-10-09T06:41:00,2026-10-09T06:56:00,Night Court T3 - Ep. 4
STAR Channel,2026-10-09T06:56:00,2026-10-09T07:11:00,Tracker T3 - Ep. 12
STAR Channel,2026-10-09T07:11:00,2026-10-09T07:26:00,Tracker T3 - Ep. 13
STAR Channel,2026-10-09T07:26:00,2026-10-09T07:33:00,Tracker T3 - Ep. 14
STAR Channel,2026-10-09T07:33:00,2026-10-09T08:14:00,Hawai Força Especial T8 - Ep. 10
STAR Channel,2026-10-09T08:14:00,2026-10-09T08:58:00,Hawai Força Especial T8 - Ep. 11
STAR Channel,2026-10-09T08:58:00,2026-10-09T09:44:00,FBI T7 - Ep. 11
STAR Channel,2026-10-09T09:44:00,2026-10-09T10:30:00,FBI T7 - Ep. 12
STAR Channel,2026-10-09T10:30:00,2026-10-09T11:16:00,The Equalizer T2 - Ep. 18
STAR Channel,2026-10-09T11:16:00,2026-10-09T11:59:00,The Equalizer T3 - Ep. 1
STAR Channel,2026-10-09T11:59:00,2026-10-09T12:48:00,CSI: Miami T6 - Ep. 13
STAR Channel,2026-10-09T12:48:00,2026-10-09T13:38:00,CSI: Miami T6 - Ep. 14
STAR Channel,2026-10-09T13:38:00,2026-10-09T14:29:00,Chicago P.D. T5 - Ep. 13
STAR Channel,2026-10-09T14:29:00,2026-10-09T15:15:00,Chicago P.D. T5 - Ep. 14
STAR Channel,2026-10-09T15:15:00,2026-10-09T16:00:00,Chicago P.D. T5 - Ep. 19
STAR Channel,2026-10-09T16:00:00,2026-10-09T16:53:00,Chicago P.D. T5 - Ep. 20
STAR Channel,2026-10-09T16:53:00,2026-10-09T17:45:00,FBI T7 - Ep. 9
STAR Channel,2026-10-09T17:45:00,2026-10-09T18:39:00,FBI T7 - Ep. 10
STAR Channel,2026-10-09T18:39:00,2026-10-09T19:34:00,FBI T7 - Ep. 15
STAR Channel,2026-10-09T19:34:00,2026-10-09T20:23:00,FBI T7 - Ep. 16
STAR Channel,2026-10-09T20:23:00,2026-10-09T21:19:00,Hawai Força Especial T8 - Ep. 12
STAR Channel,2026-10-09T21:19:00,2026-10-09T22:15:00,Hawai Força Especial T8 - Ep. 13
STAR Channel,2026-10-09T22:15:00,2026-10-09T23:02:00,The Hunting Party T1 - Ep. 3
STAR Channel,2026-10-09T23:02:00,2026-10-09T23:57:00,The Hunting Party T1 - Ep. 4
STAR Channel,2026-10-09T23:57:00,2026-10-10T00:51:00,FBI T3 - Ep. 13
STAR Channel,2026-10-10T00:51:00,2026-10-10T01:31:00,FBI T3 - Ep. 14
STAR Channel,2026-10-10T01:31:00,2026-10-10T02:19:00,FBI T7 - Ep. 13
STAR Channel,2026-10-10T02:19:00,2026-10-10T03:01:00,FBI T7 - Ep. 14
STAR Channel,2026-10-10T03:01:00,2026-10-10T05:12:00,A Agente Vermelha
STAR Channel,2026-10-10T05:12:00,2026-10-10T05:52:00,Chicago P.D. T5 - Ep. 15
STAR Channel,2026-10-10T05:52:00,2026-10-10T06:07:00,Chicago P.D. T5 - Ep. 16
STAR Channel,2026-10-10T06:07:00,2026-10-10T06:22:00,Night Court T3 - Ep. 5
STAR Channel,2026-10-10T06:22:00,2026-10-10T06:37:00,FBI T3 - Ep. 5
STAR Channel,2026-10-10T06:37:00,2026-10-10T06:52:00,FBI T3 - Ep. 6
STAR Channel,2026-10-10T06:52:00,2026-10-10T07:07:00,FBI T3 - Ep. 7
STAR Channel,2026-10-10T07:07:00,2026-10-10T07:23:00,FBI T3 - Ep. 8
STAR Channel,2026-10-10T07:23:00,2026-10-10T08:03:00,FBI T3 - Ep. 9
STAR Channel,2026-10-10T08:03:00,2026-10-10T08:47:00,FBI T3 - Ep. 10
STAR Channel,2026-10-10T08:47:00,2026-10-10T09:35:00,FBI T3 - Ep. 11
STAR Channel,2026-10-10T09:35:00,2026-10-10T10:21:00,FBI T3 - Ep. 12
STAR Channel,2026-10-10T10:21:00,2026-10-10T11:05:00,FBI T3 - Ep. 13
STAR Channel,2026-10-10T11:05:00,2026-10-10T11:57:00,FBI T3 - Ep. 14
STAR Channel,2026-10-10T11:57:00,2026-10-10T14:42:00,Robin Hood
STAR Channel,2026-10-10T14:42:00,2026-10-10T16:30:00,Cash Out - Assalto Perfeito
STAR Channel,2026-10-10T16:30:00,2026-10-10T18:39:00,Meg 2: O Regresso Do Tubarão Gigante
STAR Channel,2026-10-10T18:39:00,2026-10-10T21:20:00,Furiosa: Uma Saga Mad Max
STAR Channel,2026-10-10T21:20:00,2026-10-10T22:20:00,Vingadores: Guerra Do Infinito
STAR Comedy,2026-10-03T23:13:00,2026-10-04T01:10:00,"Eu, Tu E O Emplastro"
STAR Comedy,2026-10-04T01:10:00,2026-10-04T03:01:00,Só Podiam Ser Irmãs
STAR Comedy,2026-10-04T03:01:00,2026-10-04T04:15:00,Espia... Como Puderes!
STAR Comedy,2026-10-04T04:15:00,2026-10-04T04:36:00,Os Simpsons T17 - Ep. 10
STAR Comedy,2026-10-04T04:36:00,2026-10-04T04:56:00,Os Simpsons T17 - Ep. 11
STAR Comedy,2026-10-04T04:56:00,2026-10-04T05:16:00,Os Simpsons T17 - Ep. 12
STAR Comedy,2026-10-04T05:16:00,2026-10-04T05:37:00,Os Simpsons T17 - Ep. 13
STAR Comedy,2026-10-04T05:37:00,2026-10-04T05:57:00,Os Simpsons T17 - Ep. 14
STAR Comedy,2026-10-04T05:57:00,2026-10-04T06:18:00,A Teoria Do Big Bang T10 - Ep. 1
STAR Comedy,2026-10-04T06:18:00,2026-10-04T06:38:00,Os Simpsons T33 - Ep. 1
STAR Comedy,2026-10-04T06:38:00,2026-10-04T06:59:00,Os Simpsons T33 - Ep. 2
STAR Comedy,2026-10-04T06:59:00,2026-10-04T07:23:00,Os Simpsons T33 - Ep. 3
STAR Comedy,2026-10-04T07:23:00,2026-10-04T07:43:00,Os Simpsons T33 - Ep. 4
STAR Comedy,2026-10-04T07:43:00,2026-10-04T08:04:00,Os Simpsons T33 - Ep. 5
STAR Comedy,2026-10-04T08:04:00,2026-10-04T09:29:00,Mínimos (VP)
STAR Comedy,2026-10-04T09:29:00,2026-10-04T10:50:00,Madagáscar 2 (Vp)
STAR Comedy,2026-10-04T10:50:00,2026-10-04T12:16:00,Madagáscar 3 (Vp)
STAR Comedy,2026-10-04T12:16:00,2026-10-04T13:41:00,A Vida Secreta Dos Nossos Bichos (VP)
STAR Comedy,2026-10-04T13:41:00,2026-10-04T14:05:00,Friends T2 - Ep. 10
STAR Comedy,2026-10-04T14:05:00,2026-10-04T14:30:00,Friends T2 - Ep. 11
STAR Comedy,2026-10-04T14:30:00,2026-10-04T14:54:00,Friends T2 - Ep. 12
STAR Comedy,2026-10-04T14:54:00,2026-10-04T15:16:00,Friends T2 - Ep. 13
STAR Comedy,2026-10-04T15:16:00,2026-10-04T15:41:00,Friends T2 - Ep. 14
STAR Comedy,2026-10-04T15:41:00,2026-10-04T16:06:00,Friends T2 - Ep. 15
STAR Comedy,2026-10-04T16:06:00,2026-10-04T16:30:00,Friends T2 - Ep. 16
STAR Comedy,2026-10-04T16:30:00,2026-10-04T16:55:00,Friends T2 - Ep. 17
STAR Comedy,2026-10-04T16:55:00,2026-10-04T17:16:00,Friends T2 - Ep. 18
STAR Comedy,2026-10-04T17:16:00,2026-10-04T17:41:00,Friends T2 - Ep. 19
STAR Comedy,2026-10-04T17:41:00,2026-10-04T18:06:00,Friends T2 - Ep. 20
STAR Comedy,2026-10-04T18:06:00,2026-10-04T18:31:00,Friends T2 - Ep. 21
STAR Comedy,2026-10-04T18:31:00,2026-10-04T18:56:00,Friends T2 - Ep. 22
STAR Comedy,2026-10-04T18:56:00,2026-10-04T19:22:00,Friends T2 - Ep. 23
STAR Comedy,2026-10-04T19:22:00,2026-10-04T19:48:00,Friends T2 - Ep. 24
STAR Comedy,2026-10-04T19:48:00,2026-10-04T21:30:00,Hora de Ponta
STAR Comedy,2026-10-04T21:30:00,2026-10-04T23:07:00,Hora de Ponta 2
STAR Comedy,2026-10-04T23:07:00,2026-10-05T00:48:00,Hora de Ponta 3
STAR Comedy,2026-10-05T00:48:00,2026-10-05T02:05:00,Espia... Como Puderes!
STAR Comedy,2026-10-05T02:05:00,2026-10-05T03:45:00,"Eu, Tu E O Emplastro"
STAR Comedy,2026-10-05T03:45:00,2026-10-05T04:02:00,A Teoria Do Big Bang T10 - Ep. 6
STAR Comedy,2026-10-05T04:02:00,2026-10-05T04:22:00,A Teoria Do Big Bang T10 - Ep. 7
STAR Comedy,2026-10-05T04:22:00,2026-10-05T04:39:00,A Teoria Do Big Bang T10 - Ep. 8
STAR Comedy,2026-10-05T04:39:00,2026-10-05T04:57:00,A Teoria Do Big Bang T10 - Ep. 9
STAR Comedy,2026-10-05T04:57:00,2026-10-05T05:16:00,A Teoria Do Big Bang T10 - Ep. 10
STAR Comedy,2026-10-05T05:16:00,2026-10-05T05:35:00,A Teoria Do Big Bang T10 - Ep. 11
STAR Comedy,2026-10-05T05:35:00,2026-10-05T05:54:00,A Teoria Do Big Bang T10 - Ep. 12
STAR Comedy,2026-10-05T05:54:00,2026-10-05T06:12:00,A Teoria Do Big Bang T10 - Ep. 13
STAR Comedy,2026-10-05T06:12:00,2026-10-05T06:31:00,Dois Homens E Meio T1 - Ep. 23
STAR Comedy,2026-10-05T06:31:00,2026-10-05T06:52:00,Dois Homens E Meio T1 - Ep. 24
STAR Comedy,2026-10-05T06:52:00,2026-10-05T07:12:00,A Teoria Do Big Bang T10 - Ep. 1
STAR Comedy,2026-10-05T07:12:00,2026-10-05T07:30:00,A Teoria Do Big Bang T10 - Ep. 2
STAR Comedy,2026-10-05T07:30:00,2026-10-05T07:50:00,Os Simpsons T28 - Ep. 17
STAR Comedy,2026-10-05T07:50:00,2026-10-05T08:10:00,Os Simpsons T33 - Ep. 5
STAR Comedy,2026-10-05T08:10:00,2026-10-05T08:31:00,Os Simpsons T17 - Ep. 10
STAR Comedy,2026-10-05T08:31:00,2026-10-05T08:51:00,American Dad T21 - Ep. 4
STAR Comedy,2026-10-05T08:51:00,2026-10-05T09:12:00,American Dad T19 - Ep. 13
STAR Comedy,2026-10-05T09:12:00,2026-10-05T09:32:00,Family Guy T23 - Ep. 14
STAR Comedy,2026-10-05T09:32:00,2026-10-05T09:50:00,A Teoria Do Big Bang T10 - Ep. 5
STAR Comedy,2026-10-05T09:50:00,2026-10-05T10:08:00,A Teoria Do Big Bang T10 - Ep. 6
STAR Comedy,2026-10-05T10:08:00,2026-10-05T10:28:00,Everybody Loves Raymond T8 - Ep. 8
STAR Comedy,2026-10-05T10:28:00,2026-10-05T10:52:00,Everybody Loves Raymond T8 - Ep. 9
STAR Comedy,2026-10-05T10:52:00,2026-10-05T11:13:00,Everybody Loves Raymond T7 - Ep. 19
STAR Comedy,2026-10-05T11:13:00,2026-10-05T11:34:00,Everybody Loves Raymond T7 - Ep. 20
STAR Comedy,2026-10-05T11:34:00,2026-10-05T11:56:00,Everybody Loves Raymond T7 - Ep. 25
STAR Comedy,2026-10-05T11:56:00,2026-10-05T12:17:00,Everybody Loves Raymond T8 - Ep. 1
STAR Comedy,2026-10-05T12:17:00,2026-10-05T12:41:00,Friends T1 - Ep. 14
STAR Comedy,2026-10-05T12:41:00,2026-10-05T13:05:00,Friends T1 - Ep. 15
STAR Comedy,2026-10-05T13:05:00,2026-10-05T13:29:00,Friends T8 - Ep. 1
STAR Comedy,2026-10-05T13:29:00,2026-10-05T13:52:00,Friends T8 - Ep. 2
STAR Comedy,2026-10-05T13:52:00,2026-10-05T14:13:00,Friends T8 - Ep. 11
STAR Comedy,2026-10-05T14:13:00,2026-10-05T14:36:00,Friends T8 - Ep. 12
STAR Comedy,2026-10-05T14:36:00,2026-10-05T14:58:00,Dois Homens E Meio T1 - Ep. 14
STAR Comedy,2026-10-05T14:58:00,2026-10-05T15:20:00,Dois Homens E Meio T1 - Ep. 15
STAR Comedy,2026-10-05T15:20:00,2026-10-05T15:42:00,A Teoria Do Big Bang T10 - Ep. 3
STAR Comedy,2026-10-05T15:42:00,2026-10-05T16:26:00,Family Feud: Duelo De Famílias Vip T1 - Ep. 1
STAR Comedy,2026-10-05T16:26:00,2026-10-05T16:50:00,American Dad T21 - Ep. 6
STAR Comedy,2026-10-05T16:50:00,2026-10-05T17:10:00,American Dad T19 - Ep. 18
STAR Comedy,2026-10-05T17:10:00,2026-10-05T17:33:00,Family Guy T24 - Ep. 1
STAR Comedy,2026-10-05T17:33:00,2026-10-05T17:56:00,Family Guy T10 - Ep. 23
STAR Comedy,2026-10-05T17:56:00,2026-10-05T18:16:00,Family Guy T24 - Ep. 10
STAR Comedy,2026-10-05T18:16:00,2026-10-05T18:38:00,Os Simpsons T28 - Ep. 22
STAR Comedy,2026-10-05T18:38:00,2026-10-05T19:02:00,Os Simpsons T33 - Ep. 6
STAR Comedy,2026-10-05T19:02:00,2026-10-05T19:26:00,Os Simpsons T17 - Ep. 15
STAR Comedy,2026-10-05T19:26:00,2026-10-05T19:50:00,Dois Homens E Meio T2 - Ep. 7
STAR Comedy,2026-10-05T19:50:00,2026-10-05T20:10:00,Dois Homens E Meio T2 - Ep. 8
STAR Comedy,2026-10-05T20:10:00,2026-10-05T20:35:00,Dois Homens E Meio T2 - Ep. 9
STAR Comedy,2026-10-05T20:35:00,2026-10-05T21:00:00,Ghosts T5 - Ep. 22
STAR Comedy,2026-10-05T21:00:00,2026-10-05T21:25:00,Um Homem Entre Mulheres T1 - Ep. 1
STAR Comedy,2026-10-05T21:25:00,2026-10-05T21:51:00,Everybody Loves Raymond T7 - Ep. 23
STAR Comedy,2026-10-05T21:51:00,2026-10-05T22:11:00,Everybody Loves Raymond T7 - Ep. 24
STAR Comedy,2026-10-05T22:11:00,2026-10-05T22:35:00,A Teoria Do Big Bang T10 - Ep. 10
STAR Comedy,2026-10-05T22:35:00,2026-10-05T22:59:00,A Teoria Do Big Bang T10 - Ep. 11
STAR Comedy,2026-10-05T22:59:00,2026-10-05T23:26:00,Friends T3 - Ep. 1
STAR Comedy,2026-10-05T23:26:00,2026-10-05T23:53:00,Friends T3 - Ep. 2
STAR Comedy,2026-10-05T23:53:00,2026-10-06T00:19:00,Friends T3 - Ep. 3
STAR Comedy,2026-10-06T00:19:00,2026-10-06T00:44:00,Uma Familia Muito Moderna T4 - Ep. 5
STAR Comedy,2026-10-06T00:44:00,2026-10-06T01:04:00,Uma Familia Muito Moderna T4 - Ep. 6
STAR Comedy,2026-10-06T01:04:00,2026-10-06T01:25:00,Two Broke Girls T4 - Ep. 15
STAR Comedy,2026-10-06T01:25:00,2026-10-06T01:48:00,Two Broke Girls T4 - Ep. 16
STAR Comedy,2026-10-06T01:48:00,2026-10-06T02:09:00,Everybody Loves Raymond T7 - Ep. 17
STAR Comedy,2026-10-06T02:09:00,2026-10-06T02:30:00,Everybody Loves Raymond T7 - Ep. 18
STAR Comedy,2026-10-06T02:30:00,2026-10-06T02:50:00,Os Simpsons T28 - Ep. 18
STAR Comedy,2026-10-06T02:50:00,2026-10-06T03:09:00,Os Simpsons T28 - Ep. 19
STAR Comedy,2026-10-06T03:09:00,2026-10-06T03:29:00,Os Simpsons T28 - Ep. 20
STAR Comedy,2026-10-06T03:29:00,2026-10-06T03:49:00,Os Simpsons T28 - Ep. 21
STAR Comedy,2026-10-06T03:49:00,2026-10-06T04:08:00,Os Simpsons T28 - Ep. 22
STAR Comedy,2026-10-06T04:08:00,2026-10-06T04:28:00,Family Guy T10 - Ep. 19
STAR Comedy,2026-10-06T04:28:00,2026-10-06T04:48:00,Family Guy T10 - Ep. 20
STAR Comedy,2026-10-06T04:48:00,2026-10-06T05:08:00,Family Guy T10 - Ep. 21
STAR Comedy,2026-10-06T05:08:00,2026-10-06T05:29:00,Family Guy T10 - Ep. 22
STAR Comedy,2026-10-06T05:29:00,2026-10-06T05:49:00,Family Guy T10 - Ep. 23
STAR Comedy,2026-10-06T05:49:00,2026-10-06T06:08:00,A Teoria Do Big Bang T10 - Ep. 7
STAR Comedy,2026-10-06T06:08:00,2026-10-06T06:28:00,Dois Homens E Meio T2 - Ep. 1
STAR Comedy,2026-10-06T06:28:00,2026-10-06T06:48:00,Dois Homens E Meio T2 - Ep. 2
STAR Comedy,2026-10-06T06:48:00,2026-10-06T07:07:00,A Teoria Do Big Bang T10 - Ep. 3
STAR Comedy,2026-10-06T07:07:00,2026-10-06T07:26:00,A Teoria Do Big Bang T10 - Ep. 4
STAR Comedy,2026-10-06T07:26:00,2026-10-06T07:46:00,Os Simpsons T28 - Ep. 18
STAR Comedy,2026-10-06T07:46:00,2026-10-06T08:06:00,Os Simpsons T33 - Ep. 6
STAR Comedy,2026-10-06T08:06:00,2026-10-06T08:26:00,Os Simpsons T17 - Ep. 11
STAR Comedy,2026-10-06T08:26:00,2026-10-06T08:47:00,American Dad T21 - Ep. 5
STAR Comedy,2026-10-06T08:47:00,2026-10-06T09:07:00,American Dad T19 - Ep. 14
STAR Comedy,2026-10-06T09:07:00,2026-10-06T09:27:00,Family Guy T23 - Ep. 15
STAR Comedy,2026-10-06T09:27:00,2026-10-06T09:49:00,A Teoria Do Big Bang T10 - Ep. 7
STAR Comedy,2026-10-06T09:49:00,2026-10-06T10:06:00,A Teoria Do Big Bang T10 - Ep. 8
STAR Comedy,2026-10-06T10:06:00,2026-10-06T10:27:00,Everybody Loves Raymond T8 - Ep. 10
STAR Comedy,2026-10-06T10:27:00,2026-10-06T10:52:00,Everybody Loves Raymond T8 - Ep. 11
STAR Comedy,2026-10-06T10:52:00,2026-10-06T11:13:00,Everybody Loves Raymond T7 - Ep. 21
STAR Comedy,2026-10-06T11:13:00,2026-10-06T11:34:00,Everybody Loves Raymond T7 - Ep. 22
STAR Comedy,2026-10-06T11:34:00,2026-10-06T11:58:00,Everybody Loves Raymond T8 - Ep. 2
STAR Comedy,2026-10-06T11:58:00,2026-10-06T12:18:00,Everybody Loves Raymond T8 - Ep. 3
STAR Comedy,2026-10-06T12:18:00,2026-10-06T12:43:00,Friends T1 - Ep. 16
STAR Comedy,2026-10-06T12:43:00,2026-10-06T13:07:00,Friends T1 - Ep. 17
STAR Comedy,2026-10-06T13:07:00,2026-10-06T13:30:00,Friends T8 - Ep. 3
STAR Comedy,2026-10-06T13:30:00,2026-10-06T13:54:00,Friends T8 - Ep. 4
STAR Comedy,2026-10-06T13:54:00,2026-10-06T14:14:00,Friends T8 - Ep. 13
STAR Comedy,2026-10-06T14:14:00,2026-10-06T14:37:00,Friends T8 - Ep. 14
STAR Comedy,2026-10-06T14:37:00,2026-10-06T14:58:00,Dois Homens E Meio T1 - Ep. 17
STAR Comedy,2026-10-06T14:58:00,2026-10-06T15:20:00,Dois Homens E Meio T1 - Ep. 18
STAR Comedy,2026-10-06T15:20:00,2026-10-06T15:41:00,A Teoria Do Big Bang T10 - Ep. 5
STAR Comedy,2026-10-06T15:41:00,2026-10-06T16:23:00,Family Feud: Duelo De Famílias Vip T1 - Ep. 2
STAR Comedy,2026-10-06T16:23:00,2026-10-06T16:46:00,American Dad T21 - Ep. 7
STAR Comedy,2026-10-06T16:46:00,2026-10-06T17:09:00,American Dad T19 - Ep. 19
STAR Comedy,2026-10-06T17:09:00,2026-10-06T17:32:00,Family Guy T24 - Ep. 2
STAR Comedy,2026-10-06T17:32:00,2026-10-06T17:54:00,Family Guy T11 - Ep. 1
STAR Comedy,2026-10-06T17:54:00,2026-10-06T18:14:00,Family Guy T24 - Ep. 11
STAR Comedy,2026-10-06T18:14:00,2026-10-06T18:37:00,Os Simpsons T32 - Ep. 1
STAR Comedy,2026-10-06T18:37:00,2026-10-06T19:01:00,Os Simpsons T33 - Ep. 7
STAR Comedy,2026-10-06T19:01:00,2026-10-06T19:25:00,Os Simpsons T17 - Ep. 16
STAR Comedy,2026-10-06T19:25:00,2026-10-06T19:49:00,Dois Homens E Meio T2 - Ep. 10
STAR Comedy,2026-10-06T19:49:00,2026-10-06T20:10:00,Dois Homens E Meio T2 - Ep. 11
STAR Comedy,2026-10-06T20:10:00,2026-10-06T20:34:00,Dois Homens E Meio T2 - Ep. 12
STAR Comedy,2026-10-06T20:34:00,2026-10-06T21:00:00,Um Homem Entre Mulheres T1 - Ep. 2
STAR Comedy,2026-10-06T21:00:00,2026-10-06T21:24:00,Um Homem Entre Mulheres T1 - Ep. 3
STAR Comedy,2026-10-06T21:24:00,2026-10-06T21:49:00,Everybody Loves Raymond T7 - Ep. 25
STAR Comedy,2026-10-06T21:49:00,2026-10-06T22:10:00,Everybody Loves Raymond T8 - Ep. 1
STAR Comedy,2026-10-06T22:10:00,2026-10-06T22:34:00,A Teoria Do Big Bang T10 - Ep. 12
STAR Comedy,2026-10-06T22:34:00,2026-10-06T22:57:00,A Teoria Do Big Bang T10 - Ep. 13
STAR Comedy,2026-10-06T22:57:00,2026-10-06T23:24:00,Friends T3 - Ep. 4
STAR Comedy,2026-10-06T23:24:00,2026-10-06T23:52:00,Friends T3 - Ep. 5
STAR Comedy,2026-10-06T23:52:00,2026-10-07T00:14:00,Friends T3 - Ep. 6
STAR Comedy,2026-10-07T00:14:00,2026-10-07T00:39:00,Uma Familia Muito Moderna T4 - Ep. 7
STAR Comedy,2026-10-07T00:39:00,2026-10-07T01:03:00,Uma Familia Muito Moderna T4 - Ep. 8
STAR Comedy,2026-10-07T01:03:00,2026-10-07T01:22:00,Two Broke Girls T4 - Ep. 17
STAR Comedy,2026-10-07T01:22:00,2026-10-07T01:45:00,Two Broke Girls T4 - Ep. 18
STAR Comedy,2026-10-07T01:45:00,2026-10-07T02:06:00,Everybody Loves Raymond T7 - Ep. 19
STAR Comedy,2026-10-07T02:06:00,2026-10-07T02:27:00,Everybody Loves Raymond T7 - Ep. 20
STAR Comedy,2026-10-07T02:27:00,2026-10-07T03:58:00,Hora de Ponta
STAR Comedy,2026-10-07T03:58:00,2026-10-07T05:23:00,Hora de Ponta 2
STAR Comedy,2026-10-07T05:23:00,2026-10-07T06:50:00,Hora de Ponta 3
STAR Comedy,2026-10-07T06:50:00,2026-10-07T07:08:00,A Teoria Do Big Bang T10 - Ep. 5
STAR Comedy,2026-10-07T07:08:00,2026-10-07T07:25:00,A Teoria Do Big Bang T10 - Ep. 6
STAR Comedy,2026-10-07T07:25:00,2026-10-07T07:45:00,Os Simpsons T28 - Ep. 19
STAR Comedy,2026-10-07T07:45:00,2026-10-07T08:05:00,Os Simpsons T33 - Ep. 7
STAR Comedy,2026-10-07T08:05:00,2026-10-07T08:25:00,Os Simpsons T17 - Ep. 12
STAR Comedy,2026-10-07T08:25:00,2026-10-07T08:46:00,American Dad T21 - Ep. 6
STAR Comedy,2026-10-07T08:46:00,2026-10-07T09:06:00,American Dad T19 - Ep. 15
STAR Comedy,2026-10-07T09:06:00,2026-10-07T09:26:00,Family Guy T23 - Ep. 16
STAR Comedy,2026-10-07T09:26:00,2026-10-07T09:46:00,A Teoria Do Big Bang T10 - Ep. 9
STAR Comedy,2026-10-07T09:46:00,2026-10-07T10:05:00,A Teoria Do Big Bang T10 - Ep. 10
STAR Comedy,2026-10-07T10:05:00,2026-10-07T10:26:00,Everybody Loves Raymond T8 - Ep. 12
STAR Comedy,2026-10-07T10:26:00,2026-10-07T10:50:00,Everybody Loves Raymond T8 - Ep. 13
STAR Comedy,2026-10-07T10:50:00,2026-10-07T11:11:00,Everybody Loves Raymond T7 - Ep. 23
STAR Comedy,2026-10-07T11:11:00,2026-10-07T11:34:00,Everybody Loves Raymond T7 - Ep. 24
STAR Comedy,2026-10-07T11:34:00,2026-10-07T11:55:00,Everybody Loves Raymond T8 - Ep. 4
STAR Comedy,2026-10-07T11:55:00,2026-10-07T12:16:00,Everybody Loves Raymond T8 - Ep. 5
STAR Comedy,2026-10-07T12:16:00,2026-10-07T12:40:00,Friends T1 - Ep. 18
STAR Comedy,2026-10-07T12:40:00,2026-10-07T13:04:00,Friends T1 - Ep. 19
STAR Comedy,2026-10-07T13:04:00,2026-10-07T13:28:00,Friends T8 - Ep. 5
STAR Comedy,2026-10-07T13:28:00,2026-10-07T13:51:00,Friends T8 - Ep. 6
STAR Comedy,2026-10-07T13:51:00,2026-10-07T14:12:00,Friends T8 - Ep. 15
STAR Comedy,2026-10-07T14:12:00,2026-10-07T14:35:00,Friends T8 - Ep. 16
STAR Comedy,2026-10-07T14:35:00,2026-10-07T14:57:00,Dois Homens E Meio T1 - Ep. 20
STAR Comedy,2026-10-07T14:57:00,2026-10-07T15:17:00,Dois Homens E Meio T1 - Ep. 21
STAR Comedy,2026-10-07T15:17:00,2026-10-07T15:38:00,A Teoria Do Big Bang T10 - Ep. 7
STAR Comedy,2026-10-07T15:38:00,2026-10-07T16:25:00,Family Feud: Duelo De Famílias Vip T1 - Ep. 3
STAR Comedy,2026-10-07T16:25:00,2026-10-07T16:48:00,American Dad T21 - Ep. 8
STAR Comedy,2026-10-07T16:48:00,2026-10-07T17:09:00,American Dad T19 - Ep. 20
STAR Comedy,2026-10-07T17:09:00,2026-10-07T17:32:00,Family Guy T24 - Ep. 3
STAR Comedy,2026-10-07T17:32:00,2026-10-07T17:54:00,Family Guy T11 - Ep. 2
STAR Comedy,2026-10-07T17:54:00,2026-10-07T18:16:00,Family Guy T24 - Ep. 12
STAR Comedy,2026-10-07T18:16:00,2026-10-07T18:41:00,Os Simpsons T32 - Ep. 2
STAR Comedy,2026-10-07T18:41:00,2026-10-07T19:01:00,Os Simpsons T33 - Ep. 8
STAR Comedy,2026-10-07T19:01:00,2026-10-07T19:26:00,Os Simpsons T17 - Ep. 17
STAR Comedy,2026-10-07T19:26:00,2026-10-07T19:49:00,Dois Homens E Meio T2 - Ep. 13
STAR Comedy,2026-10-07T19:49:00,2026-10-07T20:10:00,Dois Homens E Meio T2 - Ep. 14
STAR Comedy,2026-10-07T20:10:00,2026-10-07T20:34:00,Dois Homens E Meio T2 - Ep. 15
STAR Comedy,2026-10-07T20:34:00,2026-10-07T21:00:00,Um Homem Entre Mulheres T1 - Ep. 4
STAR Comedy,2026-10-07T21:00:00,2026-10-07T21:24:00,Um Homem Entre Mulheres T1 - Ep. 5
STAR Comedy,2026-10-07T21:24:00,2026-10-07T21:51:00,Everybody Loves Raymond T8 - Ep. 2
STAR Comedy,2026-10-07T21:51:00,2026-10-07T22:11:00,Everybody Loves Raymond T8 - Ep. 3
STAR Comedy,2026-10-07T22:11:00,2026-10-07T22:35:00,A Teoria Do Big Bang T10 - Ep. 14
STAR Comedy,2026-10-07T22:35:00,2026-10-07T22:59:00,A Teoria Do Big Bang T10 - Ep. 15
STAR Comedy,2026-10-07T22:59:00,2026-10-07T23:26:00,Friends T3 - Ep. 7
STAR Comedy,2026-10-07T23:26:00,2026-10-07T23:54:00,Friends T3 - Ep. 8
STAR Comedy,2026-10-07T23:54:00,2026-10-08T00:19:00,Friends T3 - Ep. 9
STAR Comedy,2026-10-08T00:19:00,2026-10-08T00:42:00,Uma Familia Muito Moderna T4 - Ep. 9
STAR Comedy,2026-10-08T00:42:00,2026-10-08T01:03:00,Uma Familia Muito Moderna T4 - Ep. 10
STAR Comedy,2026-10-08T01:03:00,2026-10-08T01:23:00,Two Broke Girls T4 - Ep. 19
STAR Comedy,2026-10-08T01:23:00,2026-10-08T01:46:00,Two Broke Girls T4 - Ep. 20
STAR Comedy,2026-10-08T01:46:00,2026-10-08T02:07:00,Everybody Loves Raymond T7 - Ep. 21
STAR Comedy,2026-10-08T02:07:00,2026-10-08T02:28:00,Everybody Loves Raymond T7 - Ep. 22
STAR Comedy,2026-10-08T02:28:00,2026-10-08T02:47:00,A Teoria Do Big Bang T10 - Ep. 15
STAR Comedy,2026-10-08T02:47:00,2026-10-08T03:04:00,A Teoria Do Big Bang T10 - Ep. 16
STAR Comedy,2026-10-08T03:04:00,2026-10-08T03:22:00,A Teoria Do Big Bang T10 - Ep. 17
STAR Comedy,2026-10-08T03:22:00,2026-10-08T03:40:00,A Teoria Do Big Bang T10 - Ep. 18
STAR Comedy,2026-10-08T03:40:00,2026-10-08T03:58:00,A Teoria Do Big Bang T10 - Ep. 19
STAR Comedy,2026-10-08T03:58:00,2026-10-08T04:16:00,A Teoria Do Big Bang T10 - Ep. 20
STAR Comedy,2026-10-08T04:16:00,2026-10-08T04:34:00,A Teoria Do Big Bang T10 - Ep. 21
STAR Comedy,2026-10-08T04:34:00,2026-10-08T04:53:00,A Teoria Do Big Bang T10 - Ep. 22
STAR Comedy,2026-10-08T04:53:00,2026-10-08T05:11:00,A Teoria Do Big Bang T10 - Ep. 23
STAR Comedy,2026-10-08T05:11:00,2026-10-08T05:29:00,A Teoria Do Big Bang T10 - Ep. 24
STAR Comedy,2026-10-08T05:29:00,2026-10-08T05:49:00,A Teoria Do Big Bang T10 - Ep. 1
STAR Comedy,2026-10-08T05:49:00,2026-10-08T06:41:00,A Teoria Do Big Bang T10 - Ep. 2
STAR Comedy,2026-10-08T06:41:00,2026-10-08T06:56:00,Dois Homens E Meio T2 - Ep. 7
STAR Comedy,2026-10-08T06:56:00,2026-10-08T07:11:00,Dois Homens E Meio T2 - Ep. 8
STAR Comedy,2026-10-08T07:11:00,2026-10-08T07:26:00,A Teoria Do Big Bang T10 - Ep. 7
STAR Comedy,2026-10-08T07:26:00,2026-10-08T07:41:00,A Teoria Do Big Bang T10 - Ep. 8
STAR Comedy,2026-10-08T07:41:00,2026-10-08T07:56:00,Os Simpsons T28 - Ep. 20
STAR Comedy,2026-10-08T07:56:00,2026-10-08T08:11:00,Os Simpsons T33 - Ep. 8
STAR Comedy,2026-10-08T08:11:00,2026-10-08T08:26:00,Os Simpsons T17 - Ep. 13
STAR Comedy,2026-10-08T08:26:00,2026-10-08T08:41:00,American Dad T21 - Ep. 7
STAR Comedy,2026-10-08T08:41:00,2026-10-08T08:56:00,American Dad T19 - Ep. 18
STAR Comedy,2026-10-08T08:56:00,2026-10-08T09:11:00,American Dad T19 - Ep. 19
STAR Comedy,2026-10-08T09:11:00,2026-10-08T09:26:00,American Dad T19 - Ep. 16
STAR Comedy,2026-10-08T09:26:00,2026-10-08T09:41:00,Family Guy T23 - Ep. 17
STAR Comedy,2026-10-08T09:41:00,2026-10-08T09:56:00,A Teoria Do Big Bang T10 - Ep. 11
STAR Comedy,2026-10-08T09:56:00,2026-10-08T09:58:00,A Teoria Do Big Bang T10 - Ep. 12
STAR Comedy,2026-10-08T09:58:00,2026-10-08T10:19:00,Everybody Loves Raymond T8 - Ep. 14
STAR Comedy,2026-10-08T10:19:00,2026-10-08T10:44:00,Everybody Loves Raymond T8 - Ep. 15
STAR Comedy,2026-10-08T10:44:00,2026-10-08T11:03:00,Everybody Loves Raymond T7 - Ep. 25
STAR Comedy,2026-10-08T11:03:00,2026-10-08T11:27:00,Everybody Loves Raymond T8 - Ep. 1
STAR Comedy,2026-10-08T11:27:00,2026-10-08T11:49:00,Everybody Loves Raymond T8 - Ep. 6
STAR Comedy,2026-10-08T11:49:00,2026-10-08T12:13:00,Everybody Loves Raymond T8 - Ep. 7
STAR Comedy,2026-10-08T12:13:00,2026-10-08T12:38:00,Friends T1 - Ep. 20
STAR Comedy,2026-10-08T12:38:00,2026-10-08T12:59:00,Friends T1 - Ep. 21
STAR Comedy,2026-10-08T12:59:00,2026-10-08T13:24:00,Friends T2 - Ep. 19
STAR Comedy,2026-10-08T13:24:00,2026-10-08T13:48:00,Friends T8 - Ep. 7
STAR Comedy,2026-10-08T13:48:00,2026-10-08T14:08:00,Friends T8 - Ep. 16
STAR Comedy,2026-10-08T14:08:00,2026-10-08T14:31:00,Dois Homens E Meio T2 - Ep. 1
STAR Comedy,2026-10-08T14:31:00,2026-10-08T14:54:00,Dois Homens E Meio T2 - Ep. 2
STAR Comedy,2026-10-08T14:54:00,2026-10-08T15:15:00,Dois Homens E Meio T2 - Ep. 3
STAR Comedy,2026-10-08T15:15:00,2026-10-08T15:36:00,A Teoria Do Big Bang T10 - Ep. 8
STAR Comedy,2026-10-08T15:36:00,2026-10-08T16:18:00,Family Feud: Duelo De Famílias VIP T1 - Ep. 4
STAR Comedy,2026-10-08T16:18:00,2026-10-08T16:41:00,American Dad T21 - Ep. 9
STAR Comedy,2026-10-08T16:41:00,2026-10-08T17:04:00,American Dad T19 - Ep. 21
STAR Comedy,2026-10-08T17:04:00,2026-10-08T17:28:00,Family Guy T24 - Ep. 4
STAR Comedy,2026-10-08T17:28:00,2026-10-08T17:51:00,Family Guy T11 - Ep. 3
STAR Comedy,2026-10-08T17:51:00,2026-10-08T18:11:00,Family Guy T24 - Ep. 13
STAR Comedy,2026-10-08T18:11:00,2026-10-08T18:35:00,Os Simpsons T32 - Ep. 3
STAR Comedy,2026-10-08T18:35:00,2026-10-08T19:00:00,Os Simpsons T33 - Ep. 9
STAR Comedy,2026-10-08T19:00:00,2026-10-08T19:25:00,Os Simpsons T17 - Ep. 18
STAR Comedy,2026-10-08T19:25:00,2026-10-08T19:49:00,Dois Homens E Meio T2 - Ep. 16
STAR Comedy,2026-10-08T19:49:00,2026-10-08T20:09:00,Dois Homens E Meio T2 - Ep. 17
STAR Comedy,2026-10-08T20:09:00,2026-10-08T20:34:00,Dois Homens E Meio T2 - Ep. 18
STAR Comedy,2026-10-08T20:34:00,2026-10-08T21:00:00,Um Homem Entre Mulheres T1 - Ep. 6
STAR Comedy,2026-10-08T21:00:00,2026-10-08T21:24:00,Um Homem Entre Mulheres T1 - Ep. 7
STAR Comedy,2026-10-08T21:24:00,2026-10-08T21:51:00,Everybody Loves Raymond T8 - Ep. 4
STAR Comedy,2026-10-08T21:51:00,2026-10-08T22:12:00,Everybody Loves Raymond T8 - Ep. 5
STAR Comedy,2026-10-08T22:12:00,2026-10-08T22:34:00,A Teoria Do Big Bang T10 - Ep. 16
STAR Comedy,2026-10-08T22:34:00,2026-10-08T22:57:00,A Teoria Do Big Bang T10 - Ep. 17
STAR Comedy,2026-10-08T22:57:00,2026-10-08T23:24:00,Friends T3 - Ep. 10
STAR Comedy,2026-10-08T23:24:00,2026-10-08T23:52:00,Friends T3 - Ep. 11
STAR Comedy,2026-10-08T23:52:00,2026-10-09T00:14:00,Friends T3 - Ep. 12
STAR Comedy,2026-10-09T00:14:00,2026-10-09T00:39:00,Uma Família Muito Moderna T4 - Ep. 11
STAR Comedy,2026-10-09T00:39:00,2026-10-09T01:04:00,Uma Família Muito Moderna T4 - Ep. 12
STAR Comedy,2026-10-09T01:04:00,2026-10-09T01:24:00,Two Broke Girls T4 - Ep. 21
STAR Comedy,2026-10-09T01:24:00,2026-10-09T01:47:00,Two Broke Girls T4 - Ep. 22
STAR Comedy,2026-10-09T01:47:00,2026-10-09T02:08:00,Everybody Loves Raymond T7 - Ep. 23
STAR Comedy,2026-10-09T02:08:00,2026-10-09T02:28:00,Everybody Loves Raymond T7 - Ep. 24
STAR Comedy,2026-10-09T02:28:00,2026-10-09T02:49:00,Family Guy T10 - Ep. 22
STAR Comedy,2026-10-09T02:49:00,2026-10-09T03:09:00,Family Guy T10 - Ep. 23
STAR Comedy,2026-10-09T03:09:00,2026-10-09T03:29:00,Family Guy T11 - Ep. 1
STAR Comedy,2026-10-09T03:29:00,2026-10-09T03:49:00,Family Guy T11 - Ep. 2
STAR Comedy,2026-10-09T03:49:00,2026-10-09T04:09:00,Family Guy T11 - Ep. 3
STAR Comedy,2026-10-09T04:09:00,2026-10-09T04:29:00,Family Guy T24 - Ep. 9
STAR Comedy,2026-10-09T04:29:00,2026-10-09T04:49:00,Family Guy T24 - Ep. 10
STAR Comedy,2026-10-09T04:49:00,2026-10-09T05:10:00,Family Guy T24 - Ep. 11
STAR Comedy,2026-10-09T05:10:00,2026-10-09T05:30:00,Family Guy T24 - Ep. 12
STAR Comedy,2026-10-09T05:30:00,2026-10-09T05:50:00,Family Guy T24 - Ep. 13
STAR Comedy,2026-10-09T05:50:00,2026-10-09T06:09:00,Everybody Loves Raymond T7 - Ep. 25
STAR Comedy,2026-10-09T06:09:00,2026-10-09T06:24:00,Everybody Loves Raymond T8 - Ep. 1
STAR Comedy,2026-10-09T06:24:00,2026-10-09T06:39:00,Os Simpsons T28 - Ep. 21
STAR Comedy,2026-10-09T06:39:00,2026-10-09T06:54:00,Os Simpsons T33 - Ep. 9
STAR Comedy,2026-10-09T06:54:00,2026-10-09T07:09:00,Os Simpsons T17 - Ep. 14
STAR Comedy,2026-10-09T07:09:00,2026-10-09T07:53:00,Madagáscar 2 (Vp)
STAR Comedy,2026-10-09T07:53:00,2026-10-09T09:15:00,Madagáscar 3 (Vp)
STAR Comedy,2026-10-09T09:15:00,2026-10-09T10:39:00,A Vida Secreta Dos Nossos Bichos (Vp)
STAR Comedy,2026-10-09T10:39:00,2026-10-09T11:00:00,Everybody Loves Raymond T8 - Ep. 16
STAR Comedy,2026-10-09T11:00:00,2026-10-09T11:25:00,Everybody Loves Raymond T8 - Ep. 17
STAR Comedy,2026-10-09T11:25:00,2026-10-09T11:46:00,Everybody Loves Raymond T8 - Ep. 8
STAR Comedy,2026-10-09T11:46:00,2026-10-09T12:08:00,Everybody Loves Raymond T8 - Ep. 9
STAR Comedy,2026-10-09T12:08:00,2026-10-09T12:32:00,Friends T2 - Ep. 20
STAR Comedy,2026-10-09T12:32:00,2026-10-09T12:57:00,Friends T2 - Ep. 21
STAR Comedy,2026-10-09T12:57:00,2026-10-09T13:21:00,Friends T2 - Ep. 22
STAR Comedy,2026-10-09T13:21:00,2026-10-09T13:45:00,Friends T8 - Ep. 8
STAR Comedy,2026-10-09T13:45:00,2026-10-09T14:06:00,Friends T8 - Ep. 17
STAR Comedy,2026-10-09T14:06:00,2026-10-09T14:29:00,Dois Homens E Meio T2 - Ep. 4
STAR Comedy,2026-10-09T14:29:00,2026-10-09T14:52:00,Dois Homens E Meio T2 - Ep. 5
STAR Comedy,2026-10-09T14:52:00,2026-10-09T15:15:00,Dois Homens E Meio T2 - Ep. 6
STAR Comedy,2026-10-09T15:15:00,2026-10-09T15:36:00,A Teoria Do Big Bang T10 - Ep. 9
STAR Comedy,2026-10-09T15:36:00,2026-10-09T16:21:00,Family Feud: Duelo De Famílias VIP T1 - Ep. 5
STAR Comedy,2026-10-09T16:21:00,2026-10-09T16:44:00,American Dad T21 - Ep. 10
STAR Comedy,2026-10-09T16:44:00,2026-10-09T17:04:00,American Dad T19 - Ep. 22
STAR Comedy,2026-10-09T17:04:00,2026-10-09T17:28:00,Family Guy T24 - Ep. 5
STAR Comedy,2026-10-09T17:28:00,2026-10-09T17:51:00,Family Guy T11 - Ep. 4
STAR Comedy,2026-10-09T17:51:00,2026-10-09T18:11:00,Family Guy T24 - Ep. 14
STAR Comedy,2026-10-09T18:11:00,2026-10-09T18:35:00,Os Simpsons T32 - Ep. 4
STAR Comedy,2026-10-09T18:35:00,2026-10-09T19:00:00,Os Simpsons T33 - Ep. 10
STAR Comedy,2026-10-09T19:00:00,2026-10-09T19:25:00,Os Simpsons T17 - Ep. 19
STAR Comedy,2026-10-09T19:25:00,2026-10-09T19:50:00,Dois Homens E Meio T2 - Ep. 19
STAR Comedy,2026-10-09T19:50:00,2026-10-09T20:10:00,Dois Homens E Meio T2 - Ep. 20
STAR Comedy,2026-10-09T20:10:00,2026-10-09T20:34:00,Dois Homens E Meio T2 - Ep. 21
STAR Comedy,2026-10-09T20:34:00,2026-10-09T21:00:00,Um Homem Entre Mulheres T1 - Ep. 8
STAR Comedy,2026-10-09T21:00:00,2026-10-09T21:24:00,Um Homem Entre Mulheres T1 - Ep. 9
STAR Comedy,2026-10-09T21:24:00,2026-10-09T21:51:00,Everybody Loves Raymond T8 - Ep. 6
STAR Comedy,2026-10-09T21:51:00,2026-10-09T22:13:00,Everybody Loves Raymond T8 - Ep. 7
STAR Comedy,2026-10-09T22:13:00,2026-10-09T22:36:00,A Teoria Do Big Bang T10 - Ep. 18
STAR Comedy,2026-10-09T22:36:00,2026-10-09T22:59:00,A Teoria Do Big Bang T10 - Ep. 19
STAR Comedy,2026-10-09T22:59:00,2026-10-09T23:26:00,Friends T3 - Ep. 13
STAR Comedy,2026-10-09T23:26:00,2026-10-09T23:54:00,Friends T3 - Ep. 14
STAR Comedy,2026-10-09T23:54:00,2026-10-10T00:20:00,Friends T3 - Ep. 15
STAR Comedy,2026-10-10T00:20:00,2026-10-10T01:53:00,Hora De Ponta 2
STAR Comedy,2026-10-10T01:53:00,2026-10-10T03:20:00,Hora De Ponta 3
STAR Comedy,2026-10-10T03:20:00,2026-10-10T05:08:00,Só Podiam Ser Irmãs
STAR Comedy,2026-10-10T05:08:00,2026-10-10T05:29:00,Uma Família Muito Moderna T4 - Ep. 13
STAR Comedy,2026-10-10T05:29:00,2026-10-10T05:49:00,Uma Família Muito Moderna T4 - Ep. 14
STAR Comedy,2026-10-10T05:49:00,2026-10-10T06:09:00,Two Broke Girls T5 - Ep. 1
STAR Comedy,2026-10-10T06:09:00,2026-10-10T06:29:00,Two Broke Girls T5 - Ep. 2
STAR Comedy,2026-10-10T06:29:00,2026-10-10T06:44:00,A Teoria Do Big Bang T10 - Ep. 6
STAR Comedy,2026-10-10T06:44:00,2026-10-10T06:59:00,Os Simpsons T28 - Ep. 22
STAR Comedy,2026-10-10T06:59:00,2026-10-10T07:14:00,Os Simpsons T32 - Ep. 1
STAR Comedy,2026-10-10T07:14:00,2026-10-10T07:29:00,Os Simpsons T32 - Ep. 2
STAR Comedy,2026-10-10T07:29:00,2026-10-10T07:44:00,Os Simpsons T32 - Ep. 3
STAR Comedy,2026-10-10T07:44:00,2026-10-10T07:59:00,Os Simpsons T32 - Ep. 4
STAR Comedy,2026-10-10T07:59:00,2026-10-10T08:14:00,Madagáscar 2 (Vp)
STAR Comedy,2026-10-10T08:14:00,2026-10-10T08:29:00,Madagáscar 3 (Vp)
STAR Comedy,2026-10-10T08:29:00,2026-10-10T09:22:00,A Vida Secreta Dos Nossos Bichos (Vp)
STAR Comedy,2026-10-10T09:22:00,2026-10-10T11:05:00,"Eu, Tu E O Emplastro"
STAR Comedy,2026-10-10T11:05:00,2026-10-10T13:02:00,Só Podiam Ser Irmãs
STAR Comedy,2026-10-10T13:02:00,2026-10-10T13:23:00,A Teoria Do Big Bang T10 - Ep. 10
STAR Comedy,2026-10-10T13:23:00,2026-10-10T13:45:00,A Teoria Do Big Bang T10 - Ep. 11
STAR Comedy,2026-10-10T13:45:00,2026-10-10T14:05:00,A Teoria Do Big Bang T10 - Ep. 12
STAR Comedy,2026-10-10T14:05:00,2026-10-10T14:26:00,A Teoria Do Big Bang T10 - Ep. 13
STAR Comedy,2026-10-10T14:26:00,2026-10-10T14:47:00,A Teoria Do Big Bang T10 - Ep. 14
STAR Comedy,2026-10-10T14:47:00,2026-10-10T15:06:00,A Teoria Do Big Bang T10 - Ep. 15
STAR Comedy,2026-10-10T15:06:00,2026-10-10T15:26:00,A Teoria Do Big Bang T10 - Ep. 16
STAR Comedy,2026-10-10T15:26:00,2026-10-10T15:48:00,A Teoria Do Big Bang T10 - Ep. 17
STAR Comedy,2026-10-10T15:48:00,2026-10-10T16:10:00,A Teoria Do Big Bang T10 - Ep. 18
STAR Comedy,2026-10-10T16:10:00,2026-10-10T16:30:00,A Teoria Do Big Bang T10 - Ep. 19
STAR Comedy,2026-10-10T16:30:00,2026-10-10T18:08:00,Hora De Ponta
STAR Comedy,2026-10-10T18:08:00,2026-10-10T19:48:00,Hora De Ponta 2
STAR Comedy,2026-10-10T19:48:00,2026-10-10T21:30:00,Hora De Ponta 3
STAR Comedy,2026-10-10T21:30:00,2026-10-10T23:09:00,R.I.P.D. - Agentes Do Outro Mundo
STAR Comedy,2026-10-10T23:09:00,2026-10-11T00:09:00,Kung Pow: Punhos Loucos
STAR Crime,2026-10-03T23:09:00,2026-10-04T00:57:00,Poirot T11 - Ep. 2
STAR Crime,2026-10-04T00:57:00,2026-10-04T02:38:00,Poirot T11 - Ep. 3
STAR Crime,2026-10-04T02:38:00,2026-10-04T04:11:00,Poirot T11 - Ep. 4
STAR Crime,2026-10-04T04:11:00,2026-10-04T05:42:00,Assassinato Em Corrèze
STAR Crime,2026-10-04T05:42:00,2026-10-04T06:26:00,Irreverent T1 - Ep. 4
STAR Crime,2026-10-04T06:26:00,2026-10-04T06:47:00,Brooklyn Nine-Nine T7 - Ep. 13
STAR Crime,2026-10-04T06:47:00,2026-10-04T07:38:00,Panda T1 - Ep. 6
STAR Crime,2026-10-04T07:38:00,2026-10-04T09:19:00,Testemunha Silenciosa T15 - Ep. 6
STAR Crime,2026-10-04T09:19:00,2026-10-04T11:08:00,Testemunha Silenciosa T16 - Ep. 1
STAR Crime,2026-10-04T11:08:00,2026-10-04T13:04:00,Testemunha Silenciosa T16 - Ep. 2
STAR Crime,2026-10-04T13:04:00,2026-10-04T13:53:00,Mentes Criminosas T2 - Ep. 14
STAR Crime,2026-10-04T13:53:00,2026-10-04T14:46:00,Mentes Criminosas T2 - Ep. 15
STAR Crime,2026-10-04T14:46:00,2026-10-04T15:32:00,Mentes Criminosas T2 - Ep. 16
STAR Crime,2026-10-04T15:32:00,2026-10-04T16:17:00,Mentes Criminosas T2 - Ep. 17
STAR Crime,2026-10-04T16:17:00,2026-10-04T17:08:00,Mentes Criminosas T2 - Ep. 18
STAR Crime,2026-10-04T17:08:00,2026-10-04T17:58:00,CSI: Nova Iorque T6 - Ep. 14
STAR Crime,2026-10-04T17:58:00,2026-10-04T18:48:00,CSI: Nova Iorque T6 - Ep. 15
STAR Crime,2026-10-04T18:48:00,2026-10-04T19:35:00,CSI: Nova Iorque T6 - Ep. 16
STAR Crime,2026-10-04T19:35:00,2026-10-04T20:19:00,CSI: Nova Iorque T6 - Ep. 17
STAR Crime,2026-10-04T20:19:00,2026-10-04T21:12:00,CSI: Nova Iorque T6 - Ep. 18
STAR Crime,2026-10-04T21:12:00,2026-10-04T22:02:00,CSI: Nova Iorque T6 - Ep. 19
STAR Crime,2026-10-04T22:02:00,2026-10-04T22:54:00,CSI: Nova Iorque T6 - Ep. 20
STAR Crime,2026-10-04T22:54:00,2026-10-04T23:46:00,CSI: Nova Iorque T6 - Ep. 21
STAR Crime,2026-10-04T23:46:00,2026-10-05T00:31:00,CSI: Nova Iorque T6 - Ep. 22
STAR Crime,2026-10-05T00:31:00,2026-10-05T01:16:00,CSI: Nova Iorque T6 - Ep. 23
STAR Crime,2026-10-05T01:16:00,2026-10-05T02:53:00,Poirot T12 - Ep. 1
STAR Crime,2026-10-05T02:53:00,2026-10-05T04:21:00,Poirot T12 - Ep. 2
STAR Crime,2026-10-05T04:21:00,2026-10-05T05:48:00,Assassinato Em Arles
STAR Crime,2026-10-05T05:48:00,2026-10-05T06:32:00,Irreverent T1 - Ep. 4
STAR Crime,2026-10-05T06:32:00,2026-10-05T08:14:00,Testemunha Silenciosa T16 - Ep. 3
STAR Crime,2026-10-05T08:14:00,2026-10-05T09:01:00,Panda T2 - Ep. 3
STAR Crime,2026-10-05T09:01:00,2026-10-05T09:53:00,Panda T2 - Ep. 4
STAR Crime,2026-10-05T09:53:00,2026-10-05T11:30:00,Poirot T11 - Ep. 3
STAR Crime,2026-10-05T11:30:00,2026-10-05T12:12:00,Anna Pigeon T1 - Ep. 2
STAR Crime,2026-10-05T12:12:00,2026-10-05T13:58:00,Testemunha Silenciosa T16 - Ep. 2
STAR Crime,2026-10-05T13:58:00,2026-10-05T14:38:00,CSI: Nova Iorque T6 - Ep. 14
STAR Crime,2026-10-05T14:38:00,2026-10-05T15:20:00,CSI: Nova Iorque T6 - Ep. 15
STAR Crime,2026-10-05T15:20:00,2026-10-05T16:08:00,Mentes Criminosas T2 - Ep. 9
STAR Crime,2026-10-05T16:08:00,2026-10-05T16:55:00,Mentes Criminosas T2 - Ep. 10
STAR Crime,2026-10-05T16:55:00,2026-10-05T18:34:00,Poirot T12 - Ep. 3
STAR Crime,2026-10-05T18:34:00,2026-10-05T20:22:00,Testemunha Silenciosa T16 - Ep. 5
STAR Crime,2026-10-05T20:22:00,2026-10-05T21:12:00,Mentes Criminosas T2 - Ep. 19
STAR Crime,2026-10-05T21:12:00,2026-10-05T22:00:00,Mentes Criminosas T2 - Ep. 20
STAR Crime,2026-10-05T22:00:00,2026-10-05T22:51:00,Anna Pigeon T1 - Ep. 3
STAR Crime,2026-10-05T22:51:00,2026-10-05T23:40:00,Mentes Criminosas T2 - Ep. 13
STAR Crime,2026-10-05T23:40:00,2026-10-06T00:31:00,Mentes Criminosas T2 - Ep. 16
STAR Crime,2026-10-06T00:31:00,2026-10-06T01:10:00,CSI: Nova Iorque T6 - Ep. 14
STAR Crime,2026-10-06T01:10:00,2026-10-06T01:53:00,CSI: Nova Iorque T6 - Ep. 15
STAR Crime,2026-10-06T01:53:00,2026-10-06T03:25:00,Poirot T11 - Ep. 3
STAR Crime,2026-10-06T03:25:00,2026-10-06T04:11:00,Leo Mattei: Proteção De Menores T13 - Ep. 5
STAR Crime,2026-10-06T04:11:00,2026-10-06T05:01:00,Leo Mattei: Proteção De Menores T13 - Ep. 6
STAR Crime,2026-10-06T05:01:00,2026-10-06T06:30:00,Assassinato Em Cote Bleue
STAR Crime,2026-10-06T06:30:00,2026-10-06T07:16:00,Panda T2 - Ep. 5
STAR Crime,2026-10-06T07:16:00,2026-10-06T08:58:00,Testemunha Silenciosa T16 - Ep. 4
STAR Crime,2026-10-06T08:58:00,2026-10-06T10:35:00,Poirot T11 - Ep. 4
STAR Crime,2026-10-06T10:35:00,2026-10-06T12:11:00,Assassinato Em Corrèze
STAR Crime,2026-10-06T12:11:00,2026-10-06T13:59:00,Testemunha Silenciosa T16 - Ep. 3
STAR Crime,2026-10-06T13:59:00,2026-10-06T14:45:00,CSI: Nova Iorque T6 - Ep. 16
STAR Crime,2026-10-06T14:45:00,2026-10-06T15:27:00,CSI: Nova Iorque T6 - Ep. 17
STAR Crime,2026-10-06T15:27:00,2026-10-06T16:12:00,Mentes Criminosas T2 - Ep. 11
STAR Crime,2026-10-06T16:12:00,2026-10-06T16:58:00,Mentes Criminosas T2 - Ep. 12
STAR Crime,2026-10-06T16:58:00,2026-10-06T18:34:00,Poirot T12 - Ep. 4
STAR Crime,2026-10-06T18:34:00,2026-10-06T20:21:00,Testemunha Silenciosa T17 - Ep. 1
STAR Crime,2026-10-06T20:21:00,2026-10-06T21:10:00,Mentes Criminosas T2 - Ep. 21
STAR Crime,2026-10-06T21:10:00,2026-10-06T22:00:00,Mentes Criminosas T2 - Ep. 22
STAR Crime,2026-10-06T22:00:00,2026-10-06T23:40:00,Tatort Vingança - Ep. 1
STAR Crime,2026-10-06T23:40:00,2026-10-07T00:30:00,Mentes Criminosas T2 - Ep. 14
STAR Crime,2026-10-07T00:30:00,2026-10-07T01:15:00,Mentes Criminosas T2 - Ep. 15
STAR Crime,2026-10-07T01:15:00,2026-10-07T01:57:00,CSI: Nova Iorque T6 - Ep. 16
STAR Crime,2026-10-07T01:57:00,2026-10-07T02:36:00,CSI: Nova Iorque T6 - Ep. 17
STAR Crime,2026-10-07T02:36:00,2026-10-07T04:09:00,Poirot T11 - Ep. 4
STAR Crime,2026-10-07T04:09:00,2026-10-07T04:58:00,Panda T1 - Ep. 1
STAR Crime,2026-10-07T04:58:00,2026-10-07T05:49:00,Panda T1 - Ep. 2
STAR Crime,2026-10-07T05:49:00,2026-10-07T06:40:00,Um Polícia Em Marselha T1 - Ep. 1
STAR Crime,2026-10-07T06:40:00,2026-10-07T07:20:00,C.S.I. T7 - Ep. 3
STAR Crime,2026-10-07T07:20:00,2026-10-07T08:07:00,Um Polícia Em Marselha T1 - Ep. 2
STAR Crime,2026-10-07T08:07:00,2026-10-07T09:51:00,Testemunha Silenciosa T16 - Ep. 5
STAR Crime,2026-10-07T09:51:00,2026-10-07T11:22:00,Poirot T12 - Ep. 1
STAR Crime,2026-10-07T11:22:00,2026-10-07T12:16:00,Beyond Paradise T4 - Ep. 1
STAR Crime,2026-10-07T12:16:00,2026-10-07T14:01:00,Testemunha Silenciosa T16 - Ep. 4
STAR Crime,2026-10-07T14:01:00,2026-10-07T14:44:00,CSI: Nova Iorque T6 - Ep. 18
STAR Crime,2026-10-07T14:44:00,2026-10-07T15:26:00,CSI: Nova Iorque T6 - Ep. 19
STAR Crime,2026-10-07T15:26:00,2026-10-07T16:10:00,Mentes Criminosas T2 - Ep. 13
STAR Crime,2026-10-07T16:10:00,2026-10-07T16:56:00,Mentes Criminosas T2 - Ep. 16
STAR Crime,2026-10-07T16:56:00,2026-10-07T18:32:00,Poirot T13 - Ep. 1
STAR Crime,2026-10-07T18:32:00,2026-10-07T20:18:00,Testemunha Silenciosa T17 - Ep. 2
STAR Crime,2026-10-07T20:18:00,2026-10-07T21:09:00,Mentes Criminosas T2 - Ep. 23
STAR Crime,2026-10-07T21:09:00,2026-10-07T22:00:00,Mentes Criminosas T3 - Ep. 1
STAR Crime,2026-10-07T22:00:00,2026-10-07T23:02:00,Beyond Paradise T4 - Ep. 2
STAR Crime,2026-10-07T23:02:00,2026-10-07T23:52:00,Mentes Criminosas T2 - Ep. 17
STAR Crime,2026-10-07T23:52:00,2026-10-08T00:41:00,Mentes Criminosas T2 - Ep. 18
STAR Crime,2026-10-08T00:41:00,2026-10-08T01:24:00,CSI: Nova Iorque T6 - Ep. 18
STAR Crime,2026-10-08T01:24:00,2026-10-08T02:04:00,CSI: Nova Iorque T6 - Ep. 19
STAR Crime,2026-10-08T02:04:00,2026-10-08T03:33:00,Poirot T12 - Ep. 1
STAR Crime,2026-10-08T03:33:00,2026-10-08T04:26:00,Panda T1 - Ep. 3
STAR Crime,2026-10-08T04:26:00,2026-10-08T05:15:00,Panda T1 - Ep. 4
STAR Crime,2026-10-08T05:15:00,2026-10-08T06:02:00,Panda T1 - Ep. 1
STAR Crime,2026-10-08T06:02:00,2026-10-08T07:44:00,Testemunha Silenciosa T17 - Ep. 1
STAR Crime,2026-10-08T07:44:00,2026-10-08T08:31:00,Um Polícia Em Marselha T1 - Ep. 4
STAR Crime,2026-10-08T08:31:00,2026-10-08T10:02:00,Poirot T12 - Ep. 2
STAR Crime,2026-10-08T10:02:00,2026-10-08T11:38:00,Os Misterios de Brokenwood T12 - Ep. 3
STAR Crime,2026-10-08T11:38:00,2026-10-08T13:29:00,Testemunha Silenciosa T16 - Ep. 5
STAR Crime,2026-10-08T13:29:00,2026-10-08T14:11:00,CSI: Nova Iorque T6 - Ep. 20
STAR Crime,2026-10-08T14:11:00,2026-10-08T15:00:00,CSI: Nova Iorque T6 - Ep. 21
STAR Crime,2026-10-08T15:00:00,2026-10-08T15:47:00,Mentes Criminosas T2 - Ep. 14
STAR Crime,2026-10-08T15:47:00,2026-10-08T16:36:00,Mentes Criminosas T2 - Ep. 15
STAR Crime,2026-10-08T16:36:00,2026-10-08T18:12:00,Poirot T13 - Ep. 2
STAR Crime,2026-10-08T18:12:00,2026-10-08T20:12:00,Testemunha Silenciosa T17 - Ep. 3
STAR Crime,2026-10-08T20:12:00,2026-10-08T21:05:00,Mentes Criminosas T3 - Ep. 2
STAR Crime,2026-10-08T21:05:00,2026-10-08T22:00:00,Mentes Criminosas T3 - Ep. 3
STAR Crime,2026-10-08T22:00:00,2026-10-08T23:51:00,Os Misterios de Brokenwood T12 - Ep. 4
STAR Crime,2026-10-08T23:51:00,2026-10-09T00:43:00,Mentes Criminosas T2 - Ep. 19
STAR Crime,2026-10-09T00:43:00,2026-10-09T01:29:00,Mentes Criminosas T2 - Ep. 20
STAR Crime,2026-10-09T01:29:00,2026-10-09T02:09:00,CSI: Nova Iorque T6 - Ep. 20
STAR Crime,2026-10-09T02:09:00,2026-10-09T02:53:00,CSI: Nova Iorque T6 - Ep. 21
STAR Crime,2026-10-09T02:53:00,2026-10-09T04:21:00,Poirot T12 - Ep. 2
STAR Crime,2026-10-09T04:21:00,2026-10-09T05:07:00,Panda T1 - Ep. 5
STAR Crime,2026-10-09T05:07:00,2026-10-09T06:03:00,Panda T1 - Ep. 6
STAR Crime,2026-10-09T06:03:00,2026-10-09T07:44:00,Testemunha Silenciosa T17 - Ep. 2
STAR Crime,2026-10-09T07:44:00,2026-10-09T08:32:00,Um Polícia Em Marselha T1 - Ep. 5
STAR Crime,2026-10-09T08:32:00,2026-10-09T09:17:00,Um Polícia Em Marselha T1 - Ep. 6
STAR Crime,2026-10-09T09:17:00,2026-10-09T10:52:00,Poirot T12 - Ep. 3
STAR Crime,2026-10-09T10:52:00,2026-10-09T11:40:00,Os Mistérios De Pearl T3 - Ep. 5
STAR Crime,2026-10-09T11:40:00,2026-10-09T13:30:00,Testemunha Silenciosa T17 - Ep. 1
STAR Crime,2026-10-09T13:30:00,2026-10-09T14:18:00,CSI: Nova Iorque T6 - Ep. 22
STAR Crime,2026-10-09T14:18:00,2026-10-09T15:02:00,CSI: Nova Iorque T6 - Ep. 23
STAR Crime,2026-10-09T15:02:00,2026-10-09T15:49:00,Mentes Criminosas T2 - Ep. 17
STAR Crime,2026-10-09T15:49:00,2026-10-09T16:36:00,Mentes Criminosas T2 - Ep. 18
STAR Crime,2026-10-09T16:36:00,2026-10-09T18:13:00,Poirot T13 - Ep. 3
STAR Crime,2026-10-09T18:13:00,2026-10-09T20:14:00,Testemunha Silenciosa T17 - Ep. 4
STAR Crime,2026-10-09T20:14:00,2026-10-09T21:06:00,Mentes Criminosas T3 - Ep. 4
STAR Crime,2026-10-09T21:06:00,2026-10-09T22:00:00,Mentes Criminosas T3 - Ep. 5
STAR Crime,2026-10-09T22:00:00,2026-10-09T22:55:00,Os Mistérios De Pearl T3 - Ep. 6
STAR Crime,2026-10-09T22:55:00,2026-10-09T23:48:00,Mentes Criminosas T2 - Ep. 21
STAR Crime,2026-10-09T23:48:00,2026-10-10T00:40:00,Mentes Criminosas T2 - Ep. 22
STAR Crime,2026-10-10T00:40:00,2026-10-10T01:21:00,CSI: Nova Iorque T6 - Ep. 22
STAR Crime,2026-10-10T01:21:00,2026-10-10T02:06:00,CSI: Nova Iorque T6 - Ep. 23
STAR Crime,2026-10-10T02:06:00,2026-10-10T03:37:00,Poirot T12 - Ep. 3
STAR Crime,2026-10-10T03:37:00,2026-10-10T04:27:00,Panda T2 - Ep. 1
STAR Crime,2026-10-10T04:27:00,2026-10-10T05:55:00,Panda T2 - Ep. 2
STAR Crime,2026-10-10T05:55:00,2026-10-10T06:46:00,Beyond Paradise T4 - Ep. 2
STAR Crime,2026-10-10T06:46:00,2026-10-10T08:16:00,Os Misterios de Brokenwood T12 - Ep. 4
STAR Crime,2026-10-10T08:16:00,2026-10-10T09:00:00,Os Mistérios De Pearl T3 - Ep. 6
STAR Crime,2026-10-10T09:00:00,2026-10-10T09:45:00,Anna Pigeon T1 - Ep. 3
STAR Crime,2026-10-10T09:45:00,2026-10-10T10:34:00,Mentes Criminosas T2 - Ep. 19
STAR Crime,2026-10-10T10:34:00,2026-10-10T11:16:00,Mentes Criminosas T2 - Ep. 20
STAR Crime,2026-10-10T11:16:00,2026-10-10T12:06:00,Mentes Criminosas T2 - Ep. 21
STAR Crime,2026-10-10T12:06:00,2026-10-10T12:55:00,Mentes Criminosas T2 - Ep. 22
STAR Crime,2026-10-10T12:55:00,2026-10-10T13:46:00,Mentes Criminosas T2 - Ep. 23
STAR Crime,2026-10-10T13:46:00,2026-10-10T14:29:00,CSI: Nova Iorque T6 - Ep. 14
STAR Crime,2026-10-10T14:29:00,2026-10-10T15:15:00,CSI: Nova Iorque T6 - Ep. 15
STAR Crime,2026-10-10T15:15:00,2026-10-10T16:07:00,CSI: Nova Iorque T6 - Ep. 16
STAR Crime,2026-10-10T16:07:00,2026-10-10T16:58:00,CSI: Nova Iorque T6 - Ep. 17
STAR Crime,2026-10-10T16:58:00,2026-10-10T17:50:00,CSI: Nova Iorque T6 - Ep. 18
STAR Crime,2026-10-10T17:50:00,2026-10-10T18:42:00,CSI: Nova Iorque T6 - Ep. 19
STAR Crime,2026-10-10T18:42:00,2026-10-10T19:26:00,CSI: Nova Iorque T6 - Ep. 20
STAR Crime,2026-10-10T19:26:00,2026-10-10T20:13:00,CSI: Nova Iorque T6 - Ep. 21
STAR Crime,2026-10-10T20:13:00,2026-10-10T21:07:00,CSI: Nova Iorque T6 - Ep. 22
STAR Crime,2026-10-10T21:07:00,2026-10-10T22:00:00,CSI: Nova Iorque T6 - Ep. 23
STAR Crime,2026-10-10T22:00:00,2026-10-10T23:09:00,Shetland T9 - Ep. 5
STAR Crime,2026-10-10T23:09:00,2026-10-11T00:09:00,Poirot T12 - Ep. 3
STAR Life,2026-10-03T22:20:00,2026-10-04T00:25:00,Separados De Fresco
STAR Life,2026-10-04T00:25:00,2026-10-04T02:17:00,Amar Em Nova Iorque
STAR Life,2026-10-04T02:17:00,2026-10-04T03:42:00,Rome in Love
STAR Life,2026-10-04T03:42:00,2026-10-04T04:23:00,Ossos T4 - Ep. 12
STAR Life,2026-10-04T04:23:00,2026-10-04T05:05:00,Ossos T4 - Ep. 13
STAR Life,2026-10-04T05:05:00,2026-10-04T05:46:00,Ossos T4 - Ep. 14
STAR Life,2026-10-04T05:46:00,2026-10-04T06:27:00,Ossos T4 - Ep. 15
STAR Life,2026-10-04T06:27:00,2026-10-04T06:54:00,Jamie: Cozinha E Segue T1 - Ep. 1
STAR Life,2026-10-04T06:54:00,2026-10-04T07:38:00,9-1-1: Lone Star T5 - Ep. 11
STAR Life,2026-10-04T07:38:00,2026-10-04T08:19:00,9-1-1: Lone Star T5 - Ep. 12
STAR Life,2026-10-04T08:19:00,2026-10-04T09:07:00,9-1-1 T1 - Ep. 1
STAR Life,2026-10-04T09:07:00,2026-10-04T09:53:00,Chicago Med T10 - Ep. 9
STAR Life,2026-10-04T09:53:00,2026-10-04T10:41:00,Chicago Med T10 - Ep. 10
STAR Life,2026-10-04T10:41:00,2026-10-04T11:26:00,Chicago Med T10 - Ep. 11
STAR Life,2026-10-04T11:26:00,2026-10-04T12:12:00,Chicago Med T10 - Ep. 12
STAR Life,2026-10-04T12:12:00,2026-10-04T13:03:00,Chicago Med T10 - Ep. 13
STAR Life,2026-10-04T13:03:00,2026-10-04T14:49:00,When Love Springs
STAR Life,2026-10-04T14:49:00,2026-10-04T16:37:00,An Easter Bloom
STAR Life,2026-10-04T16:37:00,2026-10-04T18:13:00,Season For Love
STAR Life,2026-10-04T18:13:00,2026-10-04T20:35:00,Terapia Para Casais
STAR Life,2026-10-04T20:35:00,2026-10-04T22:20:00,Era Uma Vez Um Rapaz
STAR Life,2026-10-04T22:20:00,2026-10-05T00:31:00,The Railway Man - Uma Longa Viagem
STAR Life,2026-10-05T00:31:00,2026-10-05T01:55:00,Romance Arriscado
STAR Life,2026-10-05T01:55:00,2026-10-05T03:17:00,The Wedding Cottage
STAR Life,2026-10-05T03:17:00,2026-10-05T03:56:00,Lei & Ordem: Unidade Especial T17 - Ep. 22
STAR Life,2026-10-05T03:56:00,2026-10-05T04:36:00,Lei & Ordem: Unidade Especial T17 - Ep. 23
STAR Life,2026-10-05T04:36:00,2026-10-05T05:16:00,Lei & Ordem: Unidade Especial T18 - Ep. 1
STAR Life,2026-10-05T05:16:00,2026-10-05T05:56:00,Lei & Ordem: Unidade Especial T18 - Ep. 2
STAR Life,2026-10-05T05:56:00,2026-10-05T06:37:00,Lei & Ordem: Unidade Especial T18 - Ep. 3
STAR Life,2026-10-05T06:37:00,2026-10-05T07:00:00,Jamie: Cozinha E Segue T1 - Ep. 2
STAR Life,2026-10-05T07:00:00,2026-10-05T07:46:00,SkyMed T2 - Ep. 9
STAR Life,2026-10-05T07:46:00,2026-10-05T09:11:00,Rome in Love
STAR Life,2026-10-05T09:11:00,2026-10-05T10:00:00,Bahar (VO) T2 - Ep. 52
STAR Life,2026-10-05T10:00:00,2026-10-05T10:45:00,Bahar (VO) T2 - Ep. 53
STAR Life,2026-10-05T10:45:00,2026-10-05T12:09:00,"To Her, with Love"
STAR Life,2026-10-05T12:09:00,2026-10-05T12:56:00,Lei & Ordem: Unidade Especial T27 - Ep. 16
STAR Life,2026-10-05T12:56:00,2026-10-05T13:37:00,Lei & Ordem: Unidade Especial T27 - Ep. 17
STAR Life,2026-10-05T13:37:00,2026-10-05T14:21:00,Lei & Ordem: Unidade Especial T27 - Ep. 18
STAR Life,2026-10-05T14:21:00,2026-10-05T15:07:00,Lei & Ordem: Unidade Especial T27 - Ep. 19
STAR Life,2026-10-05T15:07:00,2026-10-05T15:54:00,Lei & Ordem: Unidade Especial T27 - Ep. 20
STAR Life,2026-10-05T15:54:00,2026-10-05T16:44:00,Lei & Ordem: Unidade Especial T27 - Ep. 21
STAR Life,2026-10-05T16:44:00,2026-10-05T18:23:00,Larry Crowne
STAR Life,2026-10-05T18:23:00,2026-10-05T20:40:00,Pretty Woman - Um Sonho de Mulher
STAR Life,2026-10-05T20:40:00,2026-10-05T22:30:00,Bilhete Para O Paraíso
STAR Life,2026-10-05T22:30:00,2026-10-05T23:25:00,Will Trent T4 - Ep. 10
STAR Life,2026-10-05T23:25:00,2026-10-06T00:13:00,Castle T2 - Ep. 11
STAR Life,2026-10-06T00:13:00,2026-10-06T01:00:00,Castle T2 - Ep. 12
STAR Life,2026-10-06T01:00:00,2026-10-06T01:41:00,Lei & Ordem: Unidade Especial T17 - Ep. 21
STAR Life,2026-10-06T01:41:00,2026-10-06T02:20:00,Lei & Ordem: Unidade Especial T17 - Ep. 22
STAR Life,2026-10-06T02:20:00,2026-10-06T03:00:00,Chicago Med T10 - Ep. 9
STAR Life,2026-10-06T03:00:00,2026-10-06T03:39:00,Chicago Med T10 - Ep. 10
STAR Life,2026-10-06T03:39:00,2026-10-06T04:19:00,Chicago Med T10 - Ep. 11
STAR Life,2026-10-06T04:19:00,2026-10-06T04:59:00,Chicago Med T10 - Ep. 12
STAR Life,2026-10-06T04:59:00,2026-10-06T05:39:00,Chicago Med T10 - Ep. 13
STAR Life,2026-10-06T05:39:00,2026-10-06T06:19:00,Will Trent T4 - Ep. 10
STAR Life,2026-10-06T06:19:00,2026-10-06T06:44:00,Jamie: Cozinha E Segue T1 - Ep. 1
STAR Life,2026-10-06T06:44:00,2026-10-06T07:30:00,SkyMed T3 - Ep. 1
STAR Life,2026-10-06T07:30:00,2026-10-06T08:11:00,SkyMed T3 - Ep. 2
STAR Life,2026-10-06T08:11:00,2026-10-06T09:34:00,Season For Love
STAR Life,2026-10-06T09:34:00,2026-10-06T10:16:00,Lei & Ordem T24 - Ep. 7
STAR Life,2026-10-06T10:16:00,2026-10-06T11:01:00,Chicago Med T10 - Ep. 22
STAR Life,2026-10-06T11:01:00,2026-10-06T11:48:00,Castle T2 - Ep. 7
STAR Life,2026-10-06T11:48:00,2026-10-06T12:32:00,Castle T2 - Ep. 8
STAR Life,2026-10-06T12:32:00,2026-10-06T13:17:00,Chicago Med T10 - Ep. 14
STAR Life,2026-10-06T13:17:00,2026-10-06T14:03:00,Chicago Med T10 - Ep. 15
STAR Life,2026-10-06T14:03:00,2026-10-06T15:36:00,Unthinkably Good Things
STAR Life,2026-10-06T15:36:00,2026-10-06T16:17:00,Castle T2 - Ep. 11
STAR Life,2026-10-06T16:17:00,2026-10-06T17:06:00,Castle T2 - Ep. 12
STAR Life,2026-10-06T17:06:00,2026-10-06T17:58:00,Bahar T2 - Ep. 54
STAR Life,2026-10-06T17:58:00,2026-10-06T18:51:00,Bahar T2 - Ep. 55
STAR Life,2026-10-06T18:51:00,2026-10-06T19:42:00,Lei & Ordem: Unidade Especial T18 - Ep. 4
STAR Life,2026-10-06T19:42:00,2026-10-06T20:34:00,Lei & Ordem: Unidade Especial T18 - Ep. 5
STAR Life,2026-10-06T20:34:00,2026-10-06T21:23:00,9-1-1 T1 - Ep. 1
STAR Life,2026-10-06T21:23:00,2026-10-06T22:20:00,9-1-1 T1 - Ep. 2
STAR Life,2026-10-06T22:20:00,2026-10-06T23:08:00,Lei & Ordem T24 - Ep. 8
STAR Life,2026-10-06T23:08:00,2026-10-07T00:03:00,Castle T2 - Ep. 13
STAR Life,2026-10-07T00:03:00,2026-10-07T00:50:00,Castle T2 - Ep. 14
STAR Life,2026-10-07T00:50:00,2026-10-07T01:29:00,Lei & Ordem: Unidade Especial T17 - Ep. 23
STAR Life,2026-10-07T01:29:00,2026-10-07T02:10:00,Lei & Ordem: Unidade Especial T18 - Ep. 1
STAR Life,2026-10-07T02:10:00,2026-10-07T02:50:00,Will Trent T3 - Ep. 10
STAR Life,2026-10-07T02:50:00,2026-10-07T03:31:00,Will Trent T3 - Ep. 11
STAR Life,2026-10-07T03:31:00,2026-10-07T04:12:00,Will Trent T3 - Ep. 12
STAR Life,2026-10-07T04:12:00,2026-10-07T04:52:00,Will Trent T3 - Ep. 13
STAR Life,2026-10-07T04:52:00,2026-10-07T05:33:00,Will Trent T3 - Ep. 14
STAR Life,2026-10-07T05:33:00,2026-10-07T06:13:00,Lei & Ordem T24 - Ep. 8
STAR Life,2026-10-07T06:13:00,2026-10-07T06:40:00,Jamie: Cozinha E Segue T1 - Ep. 2
STAR Life,2026-10-07T06:40:00,2026-10-07T07:26:00,SkyMed T3 - Ep. 3
STAR Life,2026-10-07T07:26:00,2026-10-07T08:07:00,SkyMed T3 - Ep. 4
STAR Life,2026-10-07T08:07:00,2026-10-07T09:30:00,"Rise and Shine, Benedict Stone"
STAR Life,2026-10-07T09:30:00,2026-10-07T10:14:00,Bahar (VO) T2 - Ep. 54
STAR Life,2026-10-07T10:14:00,2026-10-07T11:02:00,Bahar (VO) T2 - Ep. 55
STAR Life,2026-10-07T11:02:00,2026-10-07T11:48:00,Castle T2 - Ep. 9
STAR Life,2026-10-07T11:48:00,2026-10-07T12:36:00,Castle T2 - Ep. 10
STAR Life,2026-10-07T12:36:00,2026-10-07T13:20:00,Chicago Med T10 - Ep. 16
STAR Life,2026-10-07T13:20:00,2026-10-07T14:05:00,Chicago Med T10 - Ep. 17
STAR Life,2026-10-07T14:05:00,2026-10-07T15:38:00,When Love Springs
STAR Life,2026-10-07T15:38:00,2026-10-07T16:23:00,Castle T2 - Ep. 13
STAR Life,2026-10-07T16:23:00,2026-10-07T17:08:00,Castle T2 - Ep. 14
STAR Life,2026-10-07T17:08:00,2026-10-07T18:00:00,Bahar T2 - Ep. 56
STAR Life,2026-10-07T18:00:00,2026-10-07T18:49:00,Bahar T2 - Ep. 57
STAR Life,2026-10-07T18:49:00,2026-10-07T19:43:00,Lei & Ordem: Unidade Especial T18 - Ep. 6
STAR Life,2026-10-07T19:43:00,2026-10-07T20:38:00,Lei & Ordem: Unidade Especial T18 - Ep. 7
STAR Life,2026-10-07T20:38:00,2026-10-07T21:26:00,9-1-1 T1 - Ep. 3
STAR Life,2026-10-07T21:26:00,2026-10-07T22:20:00,9-1-1 T1 - Ep. 4
STAR Life,2026-10-07T22:20:00,2026-10-07T22:59:00,Chicago Med T11 - Ep. 1
STAR Life,2026-10-07T22:59:00,2026-10-07T23:55:00,Castle T2 - Ep. 15
STAR Life,2026-10-07T23:55:00,2026-10-08T00:41:00,Castle T2 - Ep. 16
STAR Life,2026-10-08T00:41:00,2026-10-08T01:22:00,Ossos T1 - Ep. 1
STAR Life,2026-10-08T01:22:00,2026-10-08T02:04:00,Ossos T1 - Ep. 2
STAR Life,2026-10-08T02:04:00,2026-10-08T02:45:00,Ossos T1 - Ep. 3
STAR Life,2026-10-08T02:45:00,2026-10-08T03:26:00,Ossos T1 - Ep. 4
STAR Life,2026-10-08T03:26:00,2026-10-08T04:08:00,Ossos T1 - Ep. 5
STAR Life,2026-10-08T04:08:00,2026-10-08T04:47:00,Chicago Med T11 - Ep. 1
STAR Life,2026-10-08T04:47:00,2026-10-08T07:30:00,A Melbourne Match
STAR Life,2026-10-08T07:30:00,2026-10-08T07:40:00,Jamie: Cozinha E Segue T1 - Ep. 3
STAR Life,2026-10-08T07:40:00,2026-10-08T07:50:00,SkyMed T3 - Ep. 5
STAR Life,2026-10-08T07:50:00,2026-10-08T08:00:00,SkyMed T3 - Ep. 6
STAR Life,2026-10-08T08:00:00,2026-10-08T09:18:00,The Blessing Bracelet
STAR Life,2026-10-08T09:18:00,2026-10-08T10:04:00,Bahar (VO) T2 - Ep. 56
STAR Life,2026-10-08T10:04:00,2026-10-08T10:53:00,Bahar (VO) T2 - Ep. 57
STAR Life,2026-10-08T10:53:00,2026-10-08T11:42:00,Castle T2 - Ep. 11
STAR Life,2026-10-08T11:42:00,2026-10-08T12:25:00,Castle T2 - Ep. 12
STAR Life,2026-10-08T12:25:00,2026-10-08T13:10:00,Chicago Med T10 - Ep. 18
STAR Life,2026-10-08T13:10:00,2026-10-08T13:59:00,Chicago Med T10 - Ep. 19
STAR Life,2026-10-08T13:59:00,2026-10-08T15:39:00,An Easter Bloom
STAR Life,2026-10-08T15:39:00,2026-10-08T16:24:00,Castle T2 - Ep. 15
STAR Life,2026-10-08T16:24:00,2026-10-08T17:11:00,Castle T2 - Ep. 16
STAR Life,2026-10-08T17:11:00,2026-10-08T18:02:00,Bahar T2 - Ep. 58
STAR Life,2026-10-08T18:02:00,2026-10-08T18:54:00,Bahar T2 - Ep. 59
STAR Life,2026-10-08T18:54:00,2026-10-08T19:47:00,Lei & Ordem: Unidade Especial T18 - Ep. 8
STAR Life,2026-10-08T19:47:00,2026-10-08T20:40:00,Lei & Ordem: Unidade Especial T18 - Ep. 9
STAR Life,2026-10-08T20:40:00,2026-10-08T21:30:00,9-1-1 T1 - Ep. 5
STAR Life,2026-10-08T21:30:00,2026-10-08T22:20:00,9-1-1 T1 - Ep. 6
STAR Life,2026-10-08T22:20:00,2026-10-08T23:16:00,Elsbeth T3 - Ep. 12
STAR Life,2026-10-08T23:16:00,2026-10-09T00:11:00,Castle T2 - Ep. 17
STAR Life,2026-10-09T00:11:00,2026-10-09T01:04:00,Castle T2 - Ep. 18
STAR Life,2026-10-09T01:04:00,2026-10-09T01:52:00,Lei & Ordem: Unidade Especial T18 - Ep. 2
STAR Life,2026-10-09T01:52:00,2026-10-09T02:34:00,Lei & Ordem: Unidade Especial T18 - Ep. 3
STAR Life,2026-10-09T02:34:00,2026-10-09T03:16:00,Ossos T1 - Ep. 6
STAR Life,2026-10-09T03:16:00,2026-10-09T03:57:00,Ossos T1 - Ep. 7
STAR Life,2026-10-09T03:57:00,2026-10-09T04:39:00,Ossos T1 - Ep. 8
STAR Life,2026-10-09T04:39:00,2026-10-09T05:21:00,Ossos T1 - Ep. 9
STAR Life,2026-10-09T05:21:00,2026-10-09T06:02:00,Ossos T1 - Ep. 10
STAR Life,2026-10-09T06:02:00,2026-10-09T06:43:00,Elsbeth T3 - Ep. 12
STAR Life,2026-10-09T06:43:00,2026-10-09T06:58:00,Adventures In Love Birding
STAR Life,2026-10-09T06:58:00,2026-10-09T07:13:00,Jamie: Cozinha E Segue T1 - Ep. 4
STAR Life,2026-10-09T07:13:00,2026-10-09T07:28:00,SkyMed T3 - Ep. 7
STAR Life,2026-10-09T07:28:00,2026-10-09T07:48:00,SkyMed T3 - Ep. 8
STAR Life,2026-10-09T07:48:00,2026-10-09T09:13:00,A Melbourne Match
STAR Life,2026-10-09T09:13:00,2026-10-09T10:00:00,Bahar (VO) T2 - Ep. 58
STAR Life,2026-10-09T10:00:00,2026-10-09T10:50:00,Bahar (VO) T2 - Ep. 59
STAR Life,2026-10-09T10:50:00,2026-10-09T11:38:00,Castle T2 - Ep. 13
STAR Life,2026-10-09T11:38:00,2026-10-09T12:22:00,Castle T2 - Ep. 14
STAR Life,2026-10-09T12:22:00,2026-10-09T13:07:00,Chicago Med T10 - Ep. 20
STAR Life,2026-10-09T13:07:00,2026-10-09T13:56:00,Chicago Med T10 - Ep. 21
STAR Life,2026-10-09T13:56:00,2026-10-09T15:34:00,"Rise and Shine, Benedict Stone"
STAR Life,2026-10-09T15:34:00,2026-10-09T16:14:00,Castle T2 - Ep. 17
STAR Life,2026-10-09T16:14:00,2026-10-09T17:06:00,Castle T2 - Ep. 18
STAR Life,2026-10-09T17:06:00,2026-10-09T17:57:00,Bahar T2 - Ep. 60
STAR Life,2026-10-09T17:57:00,2026-10-09T18:50:00,Bahar T2 - Ep. 61
STAR Life,2026-10-09T18:50:00,2026-10-09T19:47:00,Lei & Ordem: Unidade Especial T18 - Ep. 10
STAR Life,2026-10-09T19:47:00,2026-10-09T20:40:00,Lei & Ordem: Unidade Especial T18 - Ep. 11
STAR Life,2026-10-09T20:40:00,2026-10-09T21:28:00,9-1-1 T1 - Ep. 7
STAR Life,2026-10-09T21:28:00,2026-10-09T22:20:00,9-1-1 T1 - Ep. 8
STAR Life,2026-10-09T22:20:00,2026-10-09T23:19:00,Love Story: John F. Kennedy Jr. & Carolyn Bessette T1 - Ep. 7
STAR Life,2026-10-09T23:19:00,2026-10-10T00:05:00,Love Story: John F. Kennedy Jr. & Carolyn Bessette T1 - Ep. 8
STAR Life,2026-10-10T00:05:00,2026-10-10T00:57:00,Castle T2 - Ep. 19
STAR Life,2026-10-10T00:57:00,2026-10-10T01:45:00,Castle T2 - Ep. 20
STAR Life,2026-10-10T01:45:00,2026-10-10T02:27:00,Lei & Ordem: Unidade Especial T18 - Ep. 4
STAR Life,2026-10-10T02:27:00,2026-10-10T03:07:00,Lei & Ordem: Unidade Especial T18 - Ep. 5
STAR Life,2026-10-10T03:07:00,2026-10-10T03:49:00,Ossos T1 - Ep. 11
STAR Life,2026-10-10T03:49:00,2026-10-10T04:29:00,Ossos T1 - Ep. 12
STAR Life,2026-10-10T04:29:00,2026-10-10T05:10:00,Ossos T1 - Ep. 13
STAR Life,2026-10-10T05:10:00,2026-10-10T05:51:00,Ossos T1 - Ep. 14
STAR Life,2026-10-10T05:51:00,2026-10-10T06:33:00,Ossos T1 - Ep. 15
STAR Life,2026-10-10T06:33:00,2026-10-10T07:17:00,Love Story: John F. Kennedy Jr. & Carolyn Bessette T1 - Ep. 7
STAR Life,2026-10-10T07:17:00,2026-10-10T07:55:00,Love Story: John F. Kennedy Jr. & Carolyn Bessette T1 - Ep. 8
STAR Life,2026-10-10T07:55:00,2026-10-10T08:10:00,Catch Of The Day
STAR Life,2026-10-10T08:10:00,2026-10-10T08:25:00,Jamie: Cozinha E Segue T1 - Ep. 3
STAR Life,2026-10-10T08:25:00,2026-10-10T08:40:00,An Easter Bloom
STAR Life,2026-10-10T08:40:00,2026-10-10T08:55:00,Ossos T1 - Ep. 1
STAR Life,2026-10-10T08:55:00,2026-10-10T09:10:00,Ossos T1 - Ep. 2
STAR Life,2026-10-10T09:10:00,2026-10-10T09:25:00,Ossos T1 - Ep. 3
STAR Life,2026-10-10T09:25:00,2026-10-10T09:58:00,Ossos T1 - Ep. 4
STAR Life,2026-10-10T09:58:00,2026-10-10T10:49:00,Ossos T1 - Ep. 5
STAR Life,2026-10-10T10:49:00,2026-10-10T11:40:00,Lei & Ordem: Unidade Especial T18 - Ep. 4
STAR Life,2026-10-10T11:40:00,2026-10-10T12:31:00,Lei & Ordem: Unidade Especial T18 - Ep. 5
STAR Life,2026-10-10T12:31:00,2026-10-10T13:18:00,Lei & Ordem: Unidade Especial T18 - Ep. 6
STAR Life,2026-10-10T13:18:00,2026-10-10T14:06:00,Lei & Ordem: Unidade Especial T18 - Ep. 7
STAR Life,2026-10-10T14:06:00,2026-10-10T15:01:00,Lei & Ordem: Unidade Especial T18 - Ep. 8
STAR Life,2026-10-10T15:01:00,2026-10-10T16:48:00,The Blessing Bracelet
STAR Life,2026-10-10T16:48:00,2026-10-10T18:22:00,A Melbourne Match
STAR Life,2026-10-10T18:22:00,2026-10-10T20:19:00,Larry Crowne
STAR Life,2026-10-10T20:19:00,2026-10-10T22:20:00,Nada Mais Que Steve
STAR Life,2026-10-10T22:20:00,2026-10-10T23:20:00,A Proposta
STAR Movies,2026-10-03T23:24:00,2026-10-04T01:52:00,De Olhos Bem Fechados
STAR Movies,2026-10-04T01:52:00,2026-10-04T04:00:00,Laranja Mecânica
STAR Movies,2026-10-04T04:00:00,2026-10-04T06:55:00,2001: Odisseia no Espaço
STAR Movies,2026-10-04T06:55:00,2026-10-04T08:49:00,Virgem aos 40 Anos
STAR Movies,2026-10-04T08:49:00,2026-10-04T10:40:00,Mil e Uma Maneiras de Bater as Botas
STAR Movies,2026-10-04T10:40:00,2026-10-04T12:34:00,The Hunger Games: A Revolta - Parte 1
STAR Movies,2026-10-04T12:34:00,2026-10-04T14:42:00,The Hunger Games: A Revolta - Parte 2
STAR Movies,2026-10-04T14:42:00,2026-10-04T16:39:00,Estrada do Desespero
STAR Movies,2026-10-04T16:39:00,2026-10-04T18:51:00,Kingsman: Serviços Secretos
STAR Movies,2026-10-04T18:51:00,2026-10-04T21:15:00,Kingsman: O Círculo Dourado
STAR Movies,2026-10-04T21:15:00,2026-10-04T23:26:00,The King's Man: O Início
STAR Movies,2026-10-04T23:26:00,2026-10-05T01:20:00,Animais Noturnos
STAR Movies,2026-10-05T01:20:00,2026-10-05T04:02:00,American Honey
STAR Movies,2026-10-05T04:02:00,2026-10-05T06:49:00,Os Sonhadores
STAR Movies,2026-10-05T06:49:00,2026-10-05T09:25:00,Ran - Os Senhores da Guerra
STAR Movies,2026-10-05T09:25:00,2026-10-05T11:19:00,Fuga para a Vitória
STAR Movies,2026-10-05T11:19:00,2026-10-05T13:10:00,"Tarzan, o Homem Macaco"
STAR Movies,2026-10-05T13:10:00,2026-10-05T14:59:00,Desafio Total
STAR Movies,2026-10-05T14:59:00,2026-10-05T17:06:00,O Fugitivo
STAR Movies,2026-10-05T17:06:00,2026-10-05T19:03:00,Força Aérea 1
STAR Movies,2026-10-05T19:03:00,2026-10-05T21:15:00,O Rochedo
STAR Movies,2026-10-05T21:15:00,2026-10-05T23:01:00,Filho do Crime
STAR Movies,2026-10-05T23:01:00,2026-10-06T01:33:00,Gangster Americano
STAR Movies,2026-10-06T01:33:00,2026-10-06T04:10:00,Scarface - A Força do Poder
STAR Movies,2026-10-06T04:10:00,2026-10-06T06:23:00,"Adeus, Amigo"
STAR Movies,2026-10-06T06:23:00,2026-10-06T08:18:00,À Luz do Sol
STAR Movies,2026-10-06T08:18:00,2026-10-06T10:22:00,O Fugitivo
STAR Movies,2026-10-06T10:22:00,2026-10-06T12:18:00,Cativos do Mal
STAR Movies,2026-10-06T12:18:00,2026-10-06T14:45:00,A Herança da Carne
STAR Movies,2026-10-06T14:45:00,2026-10-06T16:40:00,Adeus Ilusões
STAR Movies,2026-10-06T16:40:00,2026-10-06T18:36:00,Os Deuses do Egipto
STAR Movies,2026-10-06T18:36:00,2026-10-06T21:15:00,Ran - Os Senhores da Guerra
STAR Movies,2026-10-06T21:15:00,2026-10-06T23:12:00,Yakuza
STAR Movies,2026-10-06T23:12:00,2026-10-07T01:31:00,Perseguido Pelo Passado
STAR Movies,2026-10-07T01:31:00,2026-10-07T03:45:00,O Círculo Vermelho
STAR Movies,2026-10-07T03:45:00,2026-10-07T06:25:00,Cai a Noite Sobre a Cidade
STAR Movies,2026-10-07T06:25:00,2026-10-07T07:59:00,O Implacável
STAR Movies,2026-10-07T07:59:00,2026-10-07T09:37:00,O Último Comboio do Katanga
STAR Movies,2026-10-07T09:37:00,2026-10-07T11:28:00,Um Indomável Rebelde
STAR Movies,2026-10-07T11:28:00,2026-10-07T14:41:00,O Gigante
STAR Movies,2026-10-07T14:41:00,2026-10-07T16:59:00,O Círculo Vermelho
STAR Movies,2026-10-07T16:59:00,2026-10-07T18:20:00,Um Dia de Leão
STAR Movies,2026-10-07T18:20:00,2026-10-07T19:42:00,Em Fúria
STAR Movies,2026-10-07T19:42:00,2026-10-07T21:15:00,Nos Limites da Lei
STAR Movies,2026-10-07T21:15:00,2026-10-07T22:57:00,Mafia Mamma
STAR Movies,2026-10-07T22:57:00,2026-10-08T00:40:00,Promessas Perigosas
STAR Movies,2026-10-08T00:40:00,2026-10-08T02:32:00,Cartouche
STAR Movies,2026-10-08T02:32:00,2026-10-08T04:16:00,"Pedro, o Louco"
STAR Movies,2026-10-08T04:16:00,2026-10-08T06:22:00,Mr. Klein - Um Homem na Sombra
STAR Movies,2026-10-08T06:22:00,2026-10-08T08:11:00,Virgem aos 40 Anos
STAR Movies,2026-10-08T08:11:00,2026-10-08T10:11:00,A Melhor Oferta
STAR Movies,2026-10-08T10:11:00,2026-10-08T11:58:00,O Regresso do Rebelde
STAR Movies,2026-10-08T11:58:00,2026-10-08T14:21:00,A Herança da Carne
STAR Movies,2026-10-08T14:21:00,2026-10-08T15:59:00,Cai a Noite Sobre a Cidade
STAR Movies,2026-10-08T15:59:00,2026-10-08T17:37:00,Supremacia
STAR Movies,2026-10-08T17:37:00,2026-10-08T19:24:00,The Hunger Games: A Revolta - Parte 1
STAR Movies,2026-10-08T19:24:00,2026-10-08T21:15:00,Blade
STAR Movies,2026-10-08T21:15:00,2026-10-08T22:50:00,Max Payne
STAR Movies,2026-10-08T22:50:00,2026-10-09T00:30:00,Um Trunfo na Manga
STAR Movies,2026-10-09T00:30:00,2026-10-09T02:05:00,O Magnífico
STAR Movies,2026-10-09T02:05:00,2026-10-09T04:01:00,O Corpo do Meu Inimigo
STAR Movies,2026-10-09T04:01:00,2026-10-09T06:26:00,O Implacável
STAR Movies,2026-10-09T06:26:00,2026-10-09T08:15:00,Fuga para a Vitória
STAR Movies,2026-10-09T08:15:00,2026-10-09T09:51:00,O Último Comboio do Katanga
STAR Movies,2026-10-09T09:51:00,2026-10-09T11:53:00,O Fugitivo
STAR Movies,2026-10-09T11:53:00,2026-10-09T13:44:00,Adeus Ilusões
STAR Movies,2026-10-09T13:44:00,2026-10-09T15:47:00,Mr. Klein - Um Homem na Sombra
STAR Movies,2026-10-09T15:47:00,2026-10-09T17:29:00,Ultimato
STAR Movies,2026-10-09T17:29:00,2026-10-09T19:30:00,The Hunger Games: A Revolta - Parte 2
STAR Movies,2026-10-09T19:30:00,2026-10-09T21:15:00,Blade II
STAR Movies,2026-10-09T21:15:00,2026-10-09T22:51:00,Colombiana
STAR Movies,2026-10-09T22:51:00,2026-10-10T01:06:00,Tudo Bons Rapazes
STAR Movies,2026-10-10T01:06:00,2026-10-10T02:37:00,O Belo Animal
STAR Movies,2026-10-10T02:37:00,2026-10-10T04:20:00,O Marginal
STAR Movies,2026-10-10T04:20:00,2026-10-10T06:58:00,O Profissional
STAR Movies,2026-10-10T06:58:00,2026-10-10T08:41:00,Vigarista à Vista
STAR Movies,2026-10-10T08:41:00,2026-10-10T10:09:00,Má Vizinhança
STAR Movies,2026-10-10T10:09:00,2026-10-10T11:31:00,Má Vizinhança 2
STAR Movies,2026-10-10T11:31:00,2026-10-10T13:21:00,"Tarzan, o Homem Macaco"
STAR Movies,2026-10-10T13:21:00,2026-10-10T14:53:00,Cleopatra Jones e o Casino do Ouro
STAR Movies,2026-10-10T14:53:00,2026-10-10T16:26:00,Mafia Mamma
STAR Movies,2026-10-10T16:26:00,2026-10-10T18:05:00,Filho do Crime
STAR Movies,2026-10-10T18:05:00,2026-10-10T19:39:00,Promessas Perigosas
STAR Movies,2026-10-10T19:39:00,2026-10-10T21:15:00,Max Payne
STAR Movies,2026-10-10T21:15:00,2026-10-10T23:05:00,Sicário - Infiltrado
STAR Movies,2026-10-10T23:05:00,2026-10-11T00:05:00,Selvagens
SyFy,2026-10-03T23:34:00,2026-10-04T01:15:00,O Terremoto
SyFy,2026-10-04T01:15:00,2026-10-04T01:59:00,Quantum Leap T2 - Ep. 4
SyFy,2026-10-04T01:59:00,2026-10-04T02:42:00,Quantum Leap T2 - Ep. 5
SyFy,2026-10-04T02:42:00,2026-10-04T03:26:00,Quantum Leap T2 - Ep. 6
SyFy,2026-10-04T03:26:00,2026-10-04T04:09:00,Quantum Leap T2 - Ep. 7
SyFy,2026-10-04T04:09:00,2026-10-04T04:53:00,Quantum Leap T2 - Ep. 8
SyFy,2026-10-04T04:53:00,2026-10-04T05:02:00,Universo Scifi T2 - Ep. 1
SyFy,2026-10-04T05:02:00,2026-10-04T05:45:00,Quantum Leap T2 - Ep. 9
SyFy,2026-10-04T05:45:00,2026-10-04T06:28:00,Quantum Leap T2 - Ep. 10
SyFy,2026-10-04T06:28:00,2026-10-04T07:14:00,Merlin T3 - Ep. 1
SyFy,2026-10-04T07:14:00,2026-10-04T08:00:00,Merlin T3 - Ep. 2
SyFy,2026-10-04T08:00:00,2026-10-04T08:09:00,Universo Scifi T2 - Ep. 1
SyFy,2026-10-04T08:09:00,2026-10-04T08:55:00,Merlin T3 - Ep. 3
SyFy,2026-10-04T08:55:00,2026-10-04T09:41:00,Merlin T3 - Ep. 4
SyFy,2026-10-04T09:41:00,2026-10-04T10:28:00,Merlin T3 - Ep. 5
SyFy,2026-10-04T10:28:00,2026-10-04T11:14:00,Merlin T3 - Ep. 6
SyFy,2026-10-04T11:14:00,2026-10-04T12:00:00,Merlin T3 - Ep. 7
SyFy,2026-10-04T12:00:00,2026-10-04T12:44:00,The Ark T2 - Ep. 10
SyFy,2026-10-04T12:44:00,2026-10-04T13:29:00,The Ark T2 - Ep. 11
SyFy,2026-10-04T13:29:00,2026-10-04T14:14:00,The Ark T2 - Ep. 12
SyFy,2026-10-04T14:14:00,2026-10-04T16:07:00,Pago Para Esquecer
SyFy,2026-10-04T16:07:00,2026-10-04T17:46:00,A Lenda Do Cavaleiro Sem Cabeça
SyFy,2026-10-04T17:46:00,2026-10-04T19:31:00,Blade III: Trinity
SyFy,2026-10-04T19:31:00,2026-10-04T21:30:00,Blue Beetle
SyFy,2026-10-04T21:30:00,2026-10-04T23:07:00,10 Cloverfield Lane
SyFy,2026-10-04T23:07:00,2026-10-05T00:22:00,Nome De Código: Cloverfield
SyFy,2026-10-05T00:22:00,2026-10-05T01:06:00,Quantum Leap T2 - Ep. 11
SyFy,2026-10-05T01:06:00,2026-10-05T01:50:00,Quantum Leap T2 - Ep. 12
SyFy,2026-10-05T01:50:00,2026-10-05T02:33:00,Quantum Leap T2 - Ep. 13
SyFy,2026-10-05T02:33:00,2026-10-05T03:19:00,Sob Suspeita T1 - Ep. 1
SyFy,2026-10-05T03:19:00,2026-10-05T04:04:00,Sob Suspeita T1 - Ep. 2
SyFy,2026-10-05T04:04:00,2026-10-05T04:49:00,Sob Suspeita T1 - Ep. 3
SyFy,2026-10-05T04:49:00,2026-10-05T04:57:00,Universo Scifi T2 - Ep. 1
SyFy,2026-10-05T04:57:00,2026-10-05T05:42:00,Sob Suspeita T1 - Ep. 4
SyFy,2026-10-05T05:42:00,2026-10-05T06:27:00,Sob Suspeita T1 - Ep. 5
SyFy,2026-10-05T06:27:00,2026-10-05T07:13:00,Merlin T3 - Ep. 8
SyFy,2026-10-05T07:13:00,2026-10-05T08:00:00,Merlin T3 - Ep. 9
SyFy,2026-10-05T08:00:00,2026-10-05T08:44:00,The Librarians: O Próximo Capítulo T1 - Ep. 9
SyFy,2026-10-05T08:44:00,2026-10-05T09:27:00,The Librarians: O Próximo Capítulo T1 - Ep. 10
SyFy,2026-10-05T09:27:00,2026-10-05T10:12:00,The Librarians: O Próximo Capítulo T1 - Ep. 11
SyFy,2026-10-05T10:12:00,2026-10-05T10:56:00,The Librarians: O Próximo Capítulo T1 - Ep. 12
SyFy,2026-10-05T10:56:00,2026-10-05T11:41:00,Sob Suspeita T1 - Ep. 6
SyFy,2026-10-05T11:41:00,2026-10-05T12:25:00,Sob Suspeita T1 - Ep. 7
SyFy,2026-10-05T12:25:00,2026-10-05T13:10:00,Sob Suspeita T1 - Ep. 8
SyFy,2026-10-05T13:10:00,2026-10-05T13:56:00,Merlin T3 - Ep. 8
SyFy,2026-10-05T13:56:00,2026-10-05T14:41:00,Merlin T3 - Ep. 9
SyFy,2026-10-05T14:41:00,2026-10-05T15:27:00,Merlin T3 - Ep. 10
SyFy,2026-10-05T15:27:00,2026-10-05T17:02:00,Pokémon: Detetive Pikachu
SyFy,2026-10-05T17:02:00,2026-10-05T18:49:00,Reminiscência
SyFy,2026-10-05T18:49:00,2026-10-05T20:38:00,A Guerra dos Mundos
SyFy,2026-10-05T20:38:00,2026-10-05T22:15:00,Ghost In The Shell - Agente Do Futuro
SyFy,2026-10-05T22:15:00,2026-10-05T23:02:00,Crookhaven - Uma Escola Para Ladrões T1 - Ep. 7
SyFy,2026-10-05T23:02:00,2026-10-06T00:21:00,Space Jam
SyFy,2026-10-06T00:21:00,2026-10-06T01:06:00,Sob Suspeita T1 - Ep. 3
SyFy,2026-10-06T01:06:00,2026-10-06T01:51:00,Sob Suspeita T1 - Ep. 4
SyFy,2026-10-06T01:51:00,2026-10-06T02:36:00,Sob Suspeita T1 - Ep. 5
SyFy,2026-10-06T02:36:00,2026-10-06T03:21:00,The Librarians: O Próximo Capítulo T1 - Ep. 7
SyFy,2026-10-06T03:21:00,2026-10-06T04:06:00,The Librarians: O Próximo Capítulo T1 - Ep. 8
SyFy,2026-10-06T04:06:00,2026-10-06T04:52:00,The Librarians: O Próximo Capítulo T1 - Ep. 9
SyFy,2026-10-06T04:52:00,2026-10-06T05:37:00,The Librarians: O Próximo Capítulo T1 - Ep. 10
SyFy,2026-10-06T05:37:00,2026-10-06T05:47:00,Universo Scifi T2 - Ep. 1
SyFy,2026-10-06T05:47:00,2026-10-06T06:32:00,Sob Suspeita T1 - Ep. 6
SyFy,2026-10-06T06:32:00,2026-10-06T07:16:00,Sob Suspeita T1 - Ep. 7
SyFy,2026-10-06T07:16:00,2026-10-06T08:00:00,Sob Suspeita T1 - Ep. 8
SyFy,2026-10-06T08:00:00,2026-10-06T08:08:00,Universo Scifi T2 - Ep. 1
SyFy,2026-10-06T08:08:00,2026-10-06T08:53:00,The Librarians: O Próximo Capítulo T1 - Ep. 7
SyFy,2026-10-06T08:53:00,2026-10-06T09:38:00,The Librarians: O Próximo Capítulo T1 - Ep. 8
SyFy,2026-10-06T09:38:00,2026-10-06T10:23:00,The Librarians: O Próximo Capítulo T1 - Ep. 9
SyFy,2026-10-06T10:23:00,2026-10-06T11:07:00,The Librarians: O Próximo Capítulo T1 - Ep. 10
SyFy,2026-10-06T11:07:00,2026-10-06T11:52:00,The Librarians: O Próximo Capítulo T1 - Ep. 11
SyFy,2026-10-06T11:52:00,2026-10-06T12:37:00,The Librarians: O Próximo Capítulo T1 - Ep. 12
SyFy,2026-10-06T12:37:00,2026-10-06T13:21:00,Reginald The Vampire T2 - Ep. 1
SyFy,2026-10-06T13:21:00,2026-10-06T14:05:00,Reginald The Vampire T2 - Ep. 2
SyFy,2026-10-06T14:05:00,2026-10-06T14:49:00,Sob Suspeita T1 - Ep. 9
SyFy,2026-10-06T14:49:00,2026-10-06T15:34:00,Sob Suspeita T1 - Ep. 10
SyFy,2026-10-06T15:34:00,2026-10-06T16:18:00,Sob Suspeita T1 - Ep. 11
SyFy,2026-10-06T16:18:00,2026-10-06T17:51:00,300: O Início De Um Império
SyFy,2026-10-06T17:51:00,2026-10-06T19:55:00,Detonação
SyFy,2026-10-06T19:55:00,2026-10-06T20:41:00,Merlin T3 - Ep. 11
SyFy,2026-10-06T20:41:00,2026-10-06T21:28:00,Merlin T3 - Ep. 12
SyFy,2026-10-06T21:28:00,2026-10-06T22:15:00,Merlin T3 - Ep. 13
SyFy,2026-10-06T22:15:00,2026-10-06T23:01:00,The Ark T3 - Ep. 1
SyFy,2026-10-06T23:01:00,2026-10-06T23:47:00,The Ark T3 - Ep. 2
SyFy,2026-10-06T23:47:00,2026-10-07T01:11:00,A Caminho Do Desconhecido
SyFy,2026-10-07T01:11:00,2026-10-07T01:58:00,Sob Suspeita T1 - Ep. 6
SyFy,2026-10-07T01:58:00,2026-10-07T02:43:00,Sob Suspeita T1 - Ep. 7
SyFy,2026-10-07T02:43:00,2026-10-07T03:29:00,Sob Suspeita T1 - Ep. 8
SyFy,2026-10-07T03:29:00,2026-10-07T04:15:00,The Librarians: O Próximo Capítulo T1 - Ep. 11
SyFy,2026-10-07T04:15:00,2026-10-07T05:00:00,The Librarians: O Próximo Capítulo T1 - Ep. 12
SyFy,2026-10-07T05:00:00,2026-10-07T05:45:00,Sob Suspeita T1 - Ep. 9
SyFy,2026-10-07T05:45:00,2026-10-07T06:29:00,Sob Suspeita T1 - Ep. 10
SyFy,2026-10-07T06:29:00,2026-10-07T07:14:00,Sob Suspeita T1 - Ep. 11
SyFy,2026-10-07T07:14:00,2026-10-07T08:00:00,Merlin T3 - Ep. 8
SyFy,2026-10-07T08:00:00,2026-10-07T08:10:00,Universo Scifi T2 - Ep. 1
SyFy,2026-10-07T08:10:00,2026-10-07T08:54:00,Merlin T3 - Ep. 9
SyFy,2026-10-07T08:54:00,2026-10-07T09:39:00,Merlin T3 - Ep. 10
SyFy,2026-10-07T09:39:00,2026-10-07T10:22:00,Reginald The Vampire T2 - Ep. 1
SyFy,2026-10-07T10:22:00,2026-10-07T11:06:00,Reginald The Vampire T2 - Ep. 2
SyFy,2026-10-07T11:06:00,2026-10-07T11:50:00,Reginald The Vampire T2 - Ep. 3
SyFy,2026-10-07T11:50:00,2026-10-07T12:34:00,Reginald The Vampire T2 - Ep. 4
SyFy,2026-10-07T12:34:00,2026-10-07T13:19:00,Sob Suspeita T1 - Ep. 12
SyFy,2026-10-07T13:19:00,2026-10-07T14:04:00,Sob Suspeita T1 - Ep. 13
SyFy,2026-10-07T14:04:00,2026-10-07T14:49:00,Sob Suspeita T1 - Ep. 14
SyFy,2026-10-07T14:49:00,2026-10-07T15:36:00,Merlin T3 - Ep. 11
SyFy,2026-10-07T15:36:00,2026-10-07T16:22:00,Merlin T3 - Ep. 12
SyFy,2026-10-07T16:22:00,2026-10-07T17:08:00,Merlin T3 - Ep. 13
SyFy,2026-10-07T17:08:00,2026-10-07T18:29:00,Scooby-Doo
SyFy,2026-10-07T18:29:00,2026-10-07T19:56:00,Scooby Doo 2: Monstros À Solta
SyFy,2026-10-07T19:56:00,2026-10-07T20:43:00,Merlin T4 - Ep. 1
SyFy,2026-10-07T20:43:00,2026-10-07T21:28:00,Merlin T4 - Ep. 2
SyFy,2026-10-07T21:28:00,2026-10-07T22:15:00,Merlin T4 - Ep. 3
SyFy,2026-10-07T22:15:00,2026-10-07T23:45:00,Ella Encantada
SyFy,2026-10-07T23:45:00,2026-10-08T00:32:00,Crookhaven - Uma Escola Para Ladrões T1 - Ep. 7
SyFy,2026-10-08T00:32:00,2026-10-08T01:17:00,Sob Suspeita T1 - Ep. 9
SyFy,2026-10-08T01:17:00,2026-10-08T02:02:00,Sob Suspeita T1 - Ep. 10
SyFy,2026-10-08T02:02:00,2026-10-08T02:47:00,Sob Suspeita T1 - Ep. 11
SyFy,2026-10-08T02:47:00,2026-10-08T03:33:00,The Librarians: O Próximo Capítulo T1 - Ep. 12
SyFy,2026-10-08T03:33:00,2026-10-08T04:17:00,Reginald The Vampire T2 - Ep. 1
SyFy,2026-10-08T04:17:00,2026-10-08T05:01:00,Reginald The Vampire T2 - Ep. 2
SyFy,2026-10-08T05:01:00,2026-10-08T05:46:00,Sob Suspeita T1 - Ep. 12
SyFy,2026-10-08T05:46:00,2026-10-08T06:30:00,Sob Suspeita T1 - Ep. 13
SyFy,2026-10-08T06:30:00,2026-10-08T07:14:00,Sob Suspeita T1 - Ep. 14
SyFy,2026-10-08T07:14:00,2026-10-08T08:00:00,Merlin T3 - Ep. 11
SyFy,2026-10-08T08:00:00,2026-10-08T08:47:00,Merlin T3 - Ep. 12
SyFy,2026-10-08T08:47:00,2026-10-08T09:34:00,Merlin T3 - Ep. 13
SyFy,2026-10-08T09:34:00,2026-10-08T10:19:00,Reginald The Vampire T2 - Ep. 3
SyFy,2026-10-08T10:19:00,2026-10-08T11:04:00,Reginald The Vampire T2 - Ep. 4
SyFy,2026-10-08T11:04:00,2026-10-08T11:49:00,Reginald The Vampire T2 - Ep. 5
SyFy,2026-10-08T11:49:00,2026-10-08T12:33:00,Reginald The Vampire T2 - Ep. 6
SyFy,2026-10-08T12:33:00,2026-10-08T13:18:00,Sob Suspeita T1 - Ep. 15
SyFy,2026-10-08T13:18:00,2026-10-08T14:03:00,Sob Suspeita T1 - Ep. 16
SyFy,2026-10-08T14:03:00,2026-10-08T14:48:00,Sob Suspeita T1 - Ep. 17
SyFy,2026-10-08T14:48:00,2026-10-08T15:34:00,Merlin T4 - Ep. 1
SyFy,2026-10-08T15:34:00,2026-10-08T16:19:00,Merlin T4 - Ep. 2
SyFy,2026-10-08T16:19:00,2026-10-08T17:06:00,Merlin T4 - Ep. 3
SyFy,2026-10-08T17:06:00,2026-10-08T18:20:00,Nome De Código: Cloverfield
SyFy,2026-10-08T18:20:00,2026-10-08T19:57:00,10 Cloverfield Lane
SyFy,2026-10-08T19:57:00,2026-10-08T20:43:00,Merlin T4 - Ep. 4
SyFy,2026-10-08T20:43:00,2026-10-08T21:29:00,Merlin T4 - Ep. 5
SyFy,2026-10-08T21:29:00,2026-10-08T22:15:00,Merlin T4 - Ep. 6
SyFy,2026-10-08T22:15:00,2026-10-08T23:40:00,Alien: Rubicon
SyFy,2026-10-08T23:40:00,2026-10-09T01:01:00,DC Down
SyFy,2026-10-09T01:01:00,2026-10-09T01:46:00,Sob Suspeita T1 - Ep. 12
SyFy,2026-10-09T01:46:00,2026-10-09T02:31:00,Sob Suspeita T1 - Ep. 13
SyFy,2026-10-09T02:31:00,2026-10-09T03:16:00,Sob Suspeita T1 - Ep. 14
SyFy,2026-10-09T03:16:00,2026-10-09T04:00:00,Reginald The Vampire T2 - Ep. 3
SyFy,2026-10-09T04:00:00,2026-10-09T04:44:00,Reginald The Vampire T2 - Ep. 4
SyFy,2026-10-09T04:44:00,2026-10-09T04:59:00,Universo Scifi T2 - Ep. 1
SyFy,2026-10-09T04:59:00,2026-10-09T05:44:00,Sob Suspeita T1 - Ep. 15
SyFy,2026-10-09T05:44:00,2026-10-09T06:29:00,Sob Suspeita T1 - Ep. 16
SyFy,2026-10-09T06:29:00,2026-10-09T07:14:00,Sob Suspeita T1 - Ep. 17
SyFy,2026-10-09T07:14:00,2026-10-09T08:00:00,Merlin T4 - Ep. 2
SyFy,2026-10-09T08:00:00,2026-10-09T08:12:00,Universo Scifi T2 - Ep. 1
SyFy,2026-10-09T08:12:00,2026-10-09T08:59:00,Merlin T4 - Ep. 3
SyFy,2026-10-09T08:59:00,2026-10-09T09:43:00,Reginald The Vampire T2 - Ep. 5
SyFy,2026-10-09T09:43:00,2026-10-09T10:27:00,Reginald The Vampire T2 - Ep. 6
SyFy,2026-10-09T10:27:00,2026-10-09T11:11:00,Reginald The Vampire T2 - Ep. 7
SyFy,2026-10-09T11:11:00,2026-10-09T11:55:00,Reginald The Vampire T2 - Ep. 8
SyFy,2026-10-09T11:55:00,2026-10-09T12:40:00,Sob Suspeita T1 - Ep. 18
SyFy,2026-10-09T12:40:00,2026-10-09T13:25:00,Sob Suspeita T1 - Ep. 19
SyFy,2026-10-09T13:25:00,2026-10-09T14:10:00,Sob Suspeita T1 - Ep. 20
SyFy,2026-10-09T14:10:00,2026-10-09T14:56:00,Merlin T4 - Ep. 4
SyFy,2026-10-09T14:56:00,2026-10-09T15:42:00,Merlin T4 - Ep. 5
SyFy,2026-10-09T15:42:00,2026-10-09T16:28:00,Merlin T4 - Ep. 6
SyFy,2026-10-09T16:28:00,2026-10-09T17:51:00,A Caminho Do Desconhecido
SyFy,2026-10-09T17:51:00,2026-10-09T19:56:00,Speed Racer
SyFy,2026-10-09T19:56:00,2026-10-09T20:42:00,Merlin T4 - Ep. 7
SyFy,2026-10-09T20:42:00,2026-10-09T21:28:00,Merlin T4 - Ep. 8
SyFy,2026-10-09T21:28:00,2026-10-09T22:15:00,Merlin T4 - Ep. 9
SyFy,2026-10-09T22:15:00,2026-10-10T00:30:00,Matrix Resurrections
SyFy,2026-10-10T00:30:00,2026-10-10T02:16:00,Midnight Special - Poderes Misteriosos
SyFy,2026-10-10T02:16:00,2026-10-10T02:59:00,Sob Suspeita T1 - Ep. 15
SyFy,2026-10-10T02:59:00,2026-10-10T03:42:00,Sob Suspeita T1 - Ep. 16
SyFy,2026-10-10T03:42:00,2026-10-10T04:25:00,Sob Suspeita T1 - Ep. 17
SyFy,2026-10-10T04:25:00,2026-10-10T05:07:00,Reginald The Vampire T2 - Ep. 5
SyFy,2026-10-10T05:07:00,2026-10-10T05:49:00,Reginald The Vampire T2 - Ep. 6
SyFy,2026-10-10T05:49:00,2026-10-10T06:32:00,Sob Suspeita T1 - Ep. 18
SyFy,2026-10-10T06:32:00,2026-10-10T07:14:00,Sob Suspeita T1 - Ep. 19
SyFy,2026-10-10T07:14:00,2026-10-10T08:00:00,Sob Suspeita T1 - Ep. 20
SyFy,2026-10-10T08:00:00,2026-10-10T08:29:00,Planet Action T1 - Ep. 25
SyFy,2026-10-10T08:29:00,2026-10-10T09:14:00,The Librarians: O Próximo Capítulo T1 - Ep. 7
SyFy,2026-10-10T09:14:00,2026-10-10T10:01:00,Merlin T3 - Ep. 11
SyFy,2026-10-10T10:01:00,2026-10-10T10:47:00,Merlin T3 - Ep. 12
SyFy,2026-10-10T10:47:00,2026-10-10T11:33:00,Merlin T3 - Ep. 13
SyFy,2026-10-10T11:33:00,2026-10-10T12:20:00,Merlin T4 - Ep. 1
SyFy,2026-10-10T12:20:00,2026-10-10T13:05:00,Merlin T4 - Ep. 2
SyFy,2026-10-10T13:05:00,2026-10-10T13:52:00,Merlin T4 - Ep. 3
SyFy,2026-10-10T13:52:00,2026-10-10T14:39:00,Crookhaven - Uma Escola Para Ladrões T1 - Ep. 6
SyFy,2026-10-10T14:39:00,2026-10-10T15:26:00,Crookhaven - Uma Escola Para Ladrões T1 - Ep. 7
SyFy,2026-10-10T15:26:00,2026-10-10T16:45:00,Space Jam
SyFy,2026-10-10T16:45:00,2026-10-10T18:49:00,Detonação
SyFy,2026-10-10T18:49:00,2026-10-10T21:30:00,The Batman
SyFy,2026-10-10T21:30:00,2026-10-10T22:44:00,Jonah Hex
SyFy,2026-10-10T22:44:00,2026-10-10T23:44:00,Prisioneiros De Ghostland
TVCine Action,2026-10-03T22:55:00,2026-10-04T00:45:00,Predador
TVCine Action,2026-10-04T00:45:00,2026-10-04T02:10:00,Bonecas em Fuga
TVCine Action,2026-10-04T02:10:00,2026-10-04T03:45:00,Vingança Com Honra
TVCine Action,2026-10-04T03:45:00,2026-10-04T05:30:00,A Fortaleza Secreta
TVCine Action,2026-10-04T05:30:00,2026-10-04T07:10:00,O Mecânico
TVCine Action,2026-10-04T07:10:00,2026-10-04T09:05:00,Dívida de Sangue
TVCine Action,2026-10-04T09:05:00,2026-10-04T10:40:00,Bodyguard From Beijing
TVCine Action,2026-10-04T10:40:00,2026-10-04T12:35:00,Percy Jackson e os Ladrões do Olimpo
TVCine Action,2026-10-04T12:35:00,2026-10-04T14:15:00,Transformers: O Início
TVCine Action,2026-10-04T14:15:00,2026-10-04T15:40:00,Sniper: Special Ops
TVCine Action,2026-10-04T15:40:00,2026-10-04T17:40:00,Punisher - O Vingador
TVCine Action,2026-10-04T17:40:00,2026-10-04T19:20:00,"Robocop, o Polícia do Futuro"
TVCine Action,2026-10-04T19:20:00,2026-10-04T21:15:00,Robocop 2
TVCine Action,2026-10-04T21:15:00,2026-10-04T22:55:00,"Robocop 3, Fora da Lei"
TVCine Action,2026-10-04T22:55:00,2026-10-05T00:45:00,Inferno na Prisão 2
TVCine Action,2026-10-05T00:45:00,2026-10-05T02:35:00,Não Fales do Mal
TVCine Action,2026-10-05T02:35:00,2026-10-05T04:15:00,Ainda Sei o que Fizeste no Verão Passado
TVCine Action,2026-10-05T04:15:00,2026-10-05T05:55:00,Desaparecido Em Combate 2
TVCine Action,2026-10-05T05:55:00,2026-10-05T07:25:00,Bandidos
TVCine Action,2026-10-05T07:25:00,2026-10-05T09:00:00,O Cristal Encantado
TVCine Action,2026-10-05T09:00:00,2026-10-05T11:40:00,Blade Runner 2049
TVCine Action,2026-10-05T11:40:00,2026-10-05T13:15:00,O Comando dos Tigres Negros
TVCine Action,2026-10-05T13:15:00,2026-10-05T15:05:00,Bumblebee
TVCine Action,2026-10-05T15:05:00,2026-10-05T16:45:00,Jackpot!
TVCine Action,2026-10-05T16:45:00,2026-10-05T18:45:00,Baywatch: Marés Vivas
TVCine Action,2026-10-05T18:45:00,2026-10-05T21:15:00,The Departed: Entre Inimigos
TVCine Action,2026-10-05T21:15:00,2026-10-05T23:25:00,Velocidade Furiosa 6
TVCine Action,2026-10-05T23:25:00,2026-10-06T01:05:00,Um Lugar Silencioso: Dia Um
TVCine Action,2026-10-06T01:05:00,2026-10-06T02:45:00,Cidade em Guerra
TVCine Action,2026-10-06T02:45:00,2026-10-06T04:15:00,Mentiras Sombrias
TVCine Action,2026-10-06T04:15:00,2026-10-06T05:55:00,Nem Respires 2
TVCine Action,2026-10-06T05:55:00,2026-10-06T08:05:00,Locust
TVCine Action,2026-10-06T08:05:00,2026-10-06T09:45:00,A Verdade sobre Charlie
TVCine Action,2026-10-06T09:45:00,2026-10-06T12:25:00,Transformers: Era da Extinção
TVCine Action,2026-10-06T12:25:00,2026-10-06T14:15:00,Ghost Rider
TVCine Action,2026-10-06T14:15:00,2026-10-06T15:50:00,Força Devastadora
TVCine Action,2026-10-06T15:50:00,2026-10-06T17:40:00,Dia de Acerto de Contas
TVCine Action,2026-10-06T17:40:00,2026-10-06T19:15:00,O Comando dos Tigres Negros
TVCine Action,2026-10-06T19:15:00,2026-10-06T21:15:00,Assalto ao Aeroporto
TVCine Action,2026-10-06T21:15:00,2026-10-06T22:40:00,Atirador de Elite
TVCine Action,2026-10-06T22:40:00,2026-10-07T00:20:00,A Vespa
TVCine Action,2026-10-07T00:20:00,2026-10-07T02:45:00,Transformers - Retaliação
TVCine Action,2026-10-07T02:45:00,2026-10-07T04:40:00,O Primeiro Encontro
TVCine Action,2026-10-07T04:40:00,2026-10-07T06:05:00,Perverso
TVCine Action,2026-10-07T06:05:00,2026-10-07T07:50:00,O Caso dos Estrangeiros
TVCine Action,2026-10-07T07:50:00,2026-10-07T09:30:00,A Ressaca - Parte III
TVCine Action,2026-10-07T09:30:00,2026-10-07T11:30:00,Joker
TVCine Action,2026-10-07T11:30:00,2026-10-07T13:45:00,Joker: Loucura a Dois
TVCine Action,2026-10-07T13:45:00,2026-10-07T15:35:00,Força Anti-Crime
TVCine Action,2026-10-07T15:35:00,2026-10-07T17:25:00,Bumblebee
TVCine Action,2026-10-07T17:25:00,2026-10-07T19:00:00,Operações Especiais
TVCine Action,2026-10-07T19:00:00,2026-10-07T21:15:00,Mickey 17
TVCine Action,2026-10-07T21:15:00,2026-10-07T22:45:00,Jogo de Assassinos
TVCine Action,2026-10-07T22:45:00,2026-10-08T00:50:00,Die Hard a Vingança
TVCine Action,2026-10-08T00:50:00,2026-10-08T02:15:00,A Noite dos Mortos-Vivos
TVCine Action,2026-10-08T02:15:00,2026-10-08T03:40:00,Assassinos Substitutos
TVCine Action,2026-10-08T03:40:00,2026-10-08T05:20:00,A Noite do Desespero
TVCine Action,2026-10-08T05:20:00,2026-10-08T06:50:00,Santuário De Assassinos
TVCine Action,2026-10-08T06:50:00,2026-10-08T08:40:00,Linha Mortal
TVCine Action,2026-10-08T08:40:00,2026-10-08T10:10:00,Rangers
TVCine Action,2026-10-08T10:10:00,2026-10-08T11:55:00,Assalto ao Metro 123
TVCine Action,2026-10-08T11:55:00,2026-10-08T13:35:00,Arranha-Céus
TVCine Action,2026-10-08T13:35:00,2026-10-08T16:05:00,Transformers: O Último Cavaleiro
TVCine Action,2026-10-08T16:05:00,2026-10-08T17:30:00,Ameaça em Alto Mar
TVCine Action,2026-10-08T17:30:00,2026-10-08T19:00:00,Mestre do Crime
TVCine Action,2026-10-08T19:00:00,2026-10-08T21:15:00,Velocidade Furiosa 7
TVCine Action,2026-10-08T21:15:00,2026-10-08T23:05:00,Homestead - A Fortaleza
TVCine Action,2026-10-08T23:05:00,2026-10-09T00:45:00,Cuckoo
TVCine Action,2026-10-09T00:45:00,2026-10-09T02:25:00,A Ressaca
TVCine Action,2026-10-09T02:25:00,2026-10-09T03:50:00,A Morte Chega de Madrugada
TVCine Action,2026-10-09T03:50:00,2026-10-09T06:00:00,Força Delta
TVCine Action,2026-10-09T06:00:00,2026-10-09T07:45:00,Cidade Em Chamas
TVCine Action,2026-10-09T07:45:00,2026-10-09T09:25:00,Lisa Frankenstein
TVCine Action,2026-10-09T09:25:00,2026-10-09T10:50:00,Johnny English
TVCine Action,2026-10-09T10:50:00,2026-10-09T12:55:00,Die Hard a Vingança
TVCine Action,2026-10-09T12:55:00,2026-10-09T14:40:00,O Grande Desafio
TVCine Action,2026-10-09T14:40:00,2026-10-09T15:45:00,O Senhor Dos Anéis: Os Anéis Do Poder T1 - Ep. 1
TVCine Action,2026-10-09T15:45:00,2026-10-09T16:50:00,O Senhor Dos Anéis: Os Anéis Do Poder T1 - Ep. 2
TVCine Action,2026-10-09T16:50:00,2026-10-09T17:55:00,O Senhor Dos Anéis: Os Anéis Do Poder T1 - Ep. 3
TVCine Action,2026-10-09T17:55:00,2026-10-09T19:05:00,O Senhor Dos Anéis: Os Anéis Do Poder T1 - Ep. 4
TVCine Action,2026-10-09T19:05:00,2026-10-09T20:15:00,O Senhor Dos Anéis: Os Anéis Do Poder T1 - Ep. 5
TVCine Action,2026-10-09T20:15:00,2026-10-09T21:20:00,O Senhor Dos Anéis: Os Anéis Do Poder T1 - Ep. 6
TVCine Action,2026-10-09T21:20:00,2026-10-09T22:30:00,O Senhor Dos Anéis: Os Anéis Do Poder T1 - Ep. 7
TVCine Action,2026-10-09T22:30:00,2026-10-09T23:40:00,O Senhor Dos Anéis: Os Anéis Do Poder T1 - Ep. 8
TVCine Action,2026-10-09T23:40:00,2026-10-10T01:20:00,A Vespa
TVCine Action,2026-10-10T01:20:00,2026-10-10T03:10:00,"Christine, o Carro Assassino"
TVCine Action,2026-10-10T03:10:00,2026-10-10T04:40:00,A Noite Dos Mortos-Vivos
TVCine Action,2026-10-10T04:40:00,2026-10-10T06:35:00,A Última Golpada
TVCine Action,2026-10-10T06:35:00,2026-10-10T08:05:00,Self Reliance
TVCine Action,2026-10-10T08:05:00,2026-10-10T09:45:00,Kiss Kiss Bang Bang
TVCine Action,2026-10-10T09:45:00,2026-10-10T11:20:00,Vestido a Rigor
TVCine Action,2026-10-10T11:20:00,2026-10-10T13:35:00,Mickey 17
TVCine Action,2026-10-10T13:35:00,2026-10-10T15:45:00,O Senhor Dos Anéis: A Guerra Dos Rohirrim
TVCine Action,2026-10-10T15:45:00,2026-10-10T18:30:00,O Hobbit: Uma Viagem Inesperada
TVCine Action,2026-10-10T18:30:00,2026-10-10T21:15:00,O Hobbit: A Desolação de Smaug
TVCine Action,2026-10-10T21:15:00,2026-10-10T23:35:00,O Hobbit: A Batalha dos Cinco Exércitos
TVCine Action,2026-10-10T23:35:00,2026-10-11T00:35:00,Baywatch: Marés Vivas
TVCine Edition,2026-10-03T23:30:00,2026-10-04T01:15:00,O Anelar
TVCine Edition,2026-10-04T01:15:00,2026-10-04T02:50:00,Os Rituais da Morte
TVCine Edition,2026-10-04T02:50:00,2026-10-04T04:45:00,Antes da Revolução
TVCine Edition,2026-10-04T04:45:00,2026-10-04T06:40:00,Sweeney Todd: O Terrível Barbeiro de Fleet Street
TVCine Edition,2026-10-04T06:40:00,2026-10-04T07:40:00,Montmartre T1 - Ep. 6
TVCine Edition,2026-10-04T07:40:00,2026-10-04T09:25:00,O Amigo da Minha Amiga
TVCine Edition,2026-10-04T09:25:00,2026-10-04T09:40:00,Amarelo Banana
TVCine Edition,2026-10-04T09:40:00,2026-10-04T11:15:00,Memórias do Teatro da Cornucópia
TVCine Edition,2026-10-04T11:15:00,2026-10-04T13:00:00,Kiss the Future
TVCine Edition,2026-10-04T13:00:00,2026-10-04T14:50:00,Sven
TVCine Edition,2026-10-04T14:50:00,2026-10-04T16:05:00,História de um Proprietário Rural
TVCine Edition,2026-10-04T16:05:00,2026-10-04T18:25:00,Crepúsculo em Tóquio
TVCine Edition,2026-10-04T18:25:00,2026-10-04T20:25:00,A Flor do Equinócio
TVCine Edition,2026-10-04T20:25:00,2026-10-04T22:00:00,Bom Dia
TVCine Edition,2026-10-04T22:00:00,2026-10-04T23:50:00,As Lições da Peaches
TVCine Edition,2026-10-04T23:50:00,2026-10-05T01:25:00,A Mão Negra
TVCine Edition,2026-10-05T01:25:00,2026-10-05T04:25:00,A Minha Vida Sexual... ou Como Entrei Numa Discussão
TVCine Edition,2026-10-05T04:25:00,2026-10-05T07:05:00,A Terra Treme
TVCine Edition,2026-10-05T07:05:00,2026-10-05T09:00:00,Dheepan
TVCine Edition,2026-10-05T09:00:00,2026-10-05T10:35:00,A Memória do Cheiro das Coisas
TVCine Edition,2026-10-05T10:35:00,2026-10-05T12:00:00,Susana
TVCine Edition,2026-10-05T12:00:00,2026-10-05T13:30:00,Índia
TVCine Edition,2026-10-05T13:30:00,2026-10-05T15:10:00,DJ Ahmet
TVCine Edition,2026-10-05T15:10:00,2026-10-05T16:50:00,Maria Montessori
TVCine Edition,2026-10-05T16:50:00,2026-10-05T18:45:00,"Subitamente, Sós"
TVCine Edition,2026-10-05T18:45:00,2026-10-05T19:35:00,Marilyn Manson: Revelado T1 - Ep. 1
TVCine Edition,2026-10-05T19:35:00,2026-10-05T20:25:00,Marilyn Manson: Revelado T1 - Ep. 2
TVCine Edition,2026-10-05T20:25:00,2026-10-05T21:15:00,Marilyn Manson: Revelado T1 - Ep. 3
TVCine Edition,2026-10-05T21:15:00,2026-10-05T22:10:00,Montmartre T1 - Ep. 7
TVCine Edition,2026-10-05T22:10:00,2026-10-05T23:05:00,Montmartre T1 - Ep. 8
TVCine Edition,2026-10-05T23:05:00,2026-10-06T01:25:00,A Criada
TVCine Edition,2026-10-06T01:25:00,2026-10-06T02:20:00,Montmartre T1 - Ep. 4
TVCine Edition,2026-10-06T02:20:00,2026-10-06T03:15:00,Montmartre T1 - Ep. 5
TVCine Edition,2026-10-06T03:15:00,2026-10-06T04:10:00,Montmartre T1 - Ep. 6
TVCine Edition,2026-10-06T04:10:00,2026-10-06T05:05:00,Montmartre T1 - Ep. 7
TVCine Edition,2026-10-06T05:05:00,2026-10-06T06:00:00,Montmartre T1 - Ep. 8
TVCine Edition,2026-10-06T06:00:00,2026-10-06T06:20:00,Prazer Procura-Se T1 - Ep. 2
TVCine Edition,2026-10-06T06:20:00,2026-10-06T06:40:00,Prazer Procura-Se T1 - Ep. 3
TVCine Edition,2026-10-06T06:40:00,2026-10-06T08:30:00,O Herói Sacrílego
TVCine Edition,2026-10-06T08:30:00,2026-10-06T10:45:00,Amor De Perdição
TVCine Edition,2026-10-06T10:45:00,2026-10-06T12:15:00,Os Chapéus de Chuva de Cherburgo
TVCine Edition,2026-10-06T12:15:00,2026-10-06T13:55:00,O Incompreendido
TVCine Edition,2026-10-06T13:55:00,2026-10-06T15:20:00,Raoul Wallenberg: Na Sombra do Holocausto
TVCine Edition,2026-10-06T15:20:00,2026-10-06T17:10:00,A Vizinha Do Lado
TVCine Edition,2026-10-06T17:10:00,2026-10-06T19:20:00,Os Fantasmas de Ismael
TVCine Edition,2026-10-06T19:20:00,2026-10-06T21:15:00,"Subitamente, Sós"
TVCine Edition,2026-10-06T21:15:00,2026-10-06T22:10:00,Assalto A Apollo T1 - Ep. 1
TVCine Edition,2026-10-06T22:10:00,2026-10-06T23:05:00,Assalto A Apollo T1 - Ep. 2
TVCine Edition,2026-10-06T23:05:00,2026-10-07T01:15:00,Outono Escaldante
TVCine Edition,2026-10-07T01:15:00,2026-10-07T02:30:00,Anatomia do Inferno
TVCine Edition,2026-10-07T02:30:00,2026-10-07T03:20:00,The Brigade T2 - Ep. 6
TVCine Edition,2026-10-07T03:20:00,2026-10-07T04:15:00,The Brigade T2 - Ep. 7
TVCine Edition,2026-10-07T04:15:00,2026-10-07T05:05:00,The Brigade T2 - Ep. 8
TVCine Edition,2026-10-07T05:05:00,2026-10-07T06:00:00,Assalto A Apollo T1 - Ep. 1
TVCine Edition,2026-10-07T06:00:00,2026-10-07T06:55:00,Assalto A Apollo T1 - Ep. 2
TVCine Edition,2026-10-07T06:55:00,2026-10-07T08:45:00,O Grito
TVCine Edition,2026-10-07T08:45:00,2026-10-07T10:15:00,O Cantor de Jazz
TVCine Edition,2026-10-07T10:15:00,2026-10-07T12:10:00,Mamã Küsters Vai para o Céu
TVCine Edition,2026-10-07T12:10:00,2026-10-07T13:55:00,Sombras
TVCine Edition,2026-10-07T13:55:00,2026-10-07T15:35:00,"Roma, Città Aperta"
TVCine Edition,2026-10-07T15:35:00,2026-10-07T17:30:00,Oxalá Seja Menina!
TVCine Edition,2026-10-07T17:30:00,2026-10-07T19:10:00,O Feiticeiro de Oz
TVCine Edition,2026-10-07T19:10:00,2026-10-07T21:15:00,A Lenda do Santo Bebedor
TVCine Edition,2026-10-07T21:15:00,2026-10-07T22:10:00,Robin Dos Bosques T1 - Ep. 9
TVCine Edition,2026-10-07T22:10:00,2026-10-07T23:10:00,Robin Dos Bosques T1 - Ep. 10
TVCine Edition,2026-10-07T23:10:00,2026-10-08T02:00:00,Calígula – Ultimate Cut
TVCine Edition,2026-10-08T02:00:00,2026-10-08T03:05:00,Robin Dos Bosques T1 - Ep. 6
TVCine Edition,2026-10-08T03:05:00,2026-10-08T04:05:00,Robin Dos Bosques T1 - Ep. 7
TVCine Edition,2026-10-08T04:05:00,2026-10-08T05:00:00,Robin Dos Bosques T1 - Ep. 8
TVCine Edition,2026-10-08T05:00:00,2026-10-08T05:55:00,Robin Dos Bosques T1 - Ep. 9
TVCine Edition,2026-10-08T05:55:00,2026-10-08T06:55:00,Robin Dos Bosques T1 - Ep. 10
TVCine Edition,2026-10-08T06:55:00,2026-10-08T08:25:00,A Imperatriz Yan Kwei Fei
TVCine Edition,2026-10-08T08:25:00,2026-10-08T10:35:00,O Feiticeiro
TVCine Edition,2026-10-08T10:35:00,2026-10-08T11:55:00,Primeira Fila
TVCine Edition,2026-10-08T11:55:00,2026-10-08T13:25:00,A Lojinha Dos Horrores
TVCine Edition,2026-10-08T13:25:00,2026-10-08T15:05:00,Stromboli
TVCine Edition,2026-10-08T15:05:00,2026-10-08T16:40:00,Labirinto de Sombras
TVCine Edition,2026-10-08T16:40:00,2026-10-08T18:35:00,Bird
TVCine Edition,2026-10-08T18:35:00,2026-10-08T20:00:00,Miroirs No. 3
TVCine Edition,2026-10-08T20:00:00,2026-10-08T21:50:00,Dheepan
TVCine Edition,2026-10-08T21:50:00,2026-10-08T22:10:00,Prazer Procura-Se T1 - Ep. 3
TVCine Edition,2026-10-08T22:10:00,2026-10-08T22:35:00,Prazer Procura-Se T1 - Ep. 4
TVCine Edition,2026-10-08T22:35:00,2026-10-09T00:00:00,Geração Maldita
TVCine Edition,2026-10-09T00:00:00,2026-10-09T01:40:00,Sou Frígida... Porquê?
TVCine Edition,2026-10-09T01:40:00,2026-10-09T03:05:00,Nowhere
TVCine Edition,2026-10-09T03:05:00,2026-10-09T03:30:00,Prazer Procura-Se T1 - Ep. 2
TVCine Edition,2026-10-09T03:30:00,2026-10-09T03:50:00,Prazer Procura-Se T1 - Ep. 3
TVCine Edition,2026-10-09T03:50:00,2026-10-09T04:15:00,Prazer Procura-Se T1 - Ep. 4
TVCine Edition,2026-10-09T04:15:00,2026-10-09T05:35:00,School For Sex
TVCine Edition,2026-10-09T05:35:00,2026-10-09T06:25:00,The Brigade T2 - Ep. 6
TVCine Edition,2026-10-09T06:25:00,2026-10-09T07:55:00,As Raparigas que Desejamos
TVCine Edition,2026-10-09T07:55:00,2026-10-09T09:55:00,Os Enforcados
TVCine Edition,2026-10-09T09:55:00,2026-10-09T11:45:00,Cul-De-Sac - O Beco
TVCine Edition,2026-10-09T11:45:00,2026-10-09T14:10:00,Oliver!
TVCine Edition,2026-10-09T14:10:00,2026-10-09T16:10:00,Hair
TVCine Edition,2026-10-09T16:10:00,2026-10-09T17:40:00,As Aventuras de Uma Viajante na Coreia do Sul
TVCine Edition,2026-10-09T17:40:00,2026-10-09T19:25:00,Weird: A História de Al Yankovic
TVCine Edition,2026-10-09T19:25:00,2026-10-09T21:20:00,Orwell 2+2=5
TVCine Edition,2026-10-09T21:20:00,2026-10-09T22:10:00,The Handmaid´s Tale T5 - Ep. 9
TVCine Edition,2026-10-09T22:10:00,2026-10-09T23:05:00,The Handmaid´s Tale T5 - Ep. 10
TVCine Edition,2026-10-09T23:05:00,2026-10-10T00:55:00,Sobreviventes
TVCine Edition,2026-10-10T00:55:00,2026-10-10T02:05:00,Hospedeiras em Apuros
TVCine Edition,2026-10-10T02:05:00,2026-10-10T03:55:00,Tommy
TVCine Edition,2026-10-10T03:55:00,2026-10-10T04:45:00,The Handmaid´s Tale T5 - Ep. 8
TVCine Edition,2026-10-10T04:45:00,2026-10-10T05:35:00,The Handmaid´s Tale T5 - Ep. 9
TVCine Edition,2026-10-10T05:35:00,2026-10-10T06:30:00,The Handmaid´s Tale T5 - Ep. 10
TVCine Edition,2026-10-10T06:30:00,2026-10-10T08:50:00,Crepúsculo em Tóquio
TVCine Edition,2026-10-10T08:50:00,2026-10-10T09:20:00,Sol Menor
TVCine Edition,2026-10-10T09:20:00,2026-10-10T10:50:00,Rua da Vergonha
TVCine Edition,2026-10-10T10:50:00,2026-10-10T12:15:00,Na Trafaria
TVCine Edition,2026-10-10T12:15:00,2026-10-10T14:00:00,Sete Vezes Mulher
TVCine Edition,2026-10-10T14:00:00,2026-10-10T15:30:00,Mr Nobody Contra Putin
TVCine Edition,2026-10-10T15:30:00,2026-10-10T17:15:00,Ler Lolita em Teerão
TVCine Edition,2026-10-10T17:15:00,2026-10-10T20:15:00,A Queda do Império Romano
TVCine Edition,2026-10-10T20:15:00,2026-10-10T22:00:00,Super/Homem: A História de Christopher Reeve
TVCine Edition,2026-10-10T22:00:00,2026-10-10T23:00:00,A Cronologia da Água
TVCine Emotion,2026-10-03T23:15:00,2026-10-04T01:25:00,As Cinquenta Sombras De Grey
TVCine Emotion,2026-10-04T01:25:00,2026-10-04T03:05:00,Elas
TVCine Emotion,2026-10-04T03:05:00,2026-10-04T04:30:00,Voa Comigo
TVCine Emotion,2026-10-04T04:30:00,2026-10-04T05:25:00,Crime À Beira-Mar T1 - Ep. 8
TVCine Emotion,2026-10-04T05:25:00,2026-10-04T06:50:00,Love is a Dog´s Best Friend
TVCine Emotion,2026-10-04T06:50:00,2026-10-04T08:40:00,David
TVCine Emotion,2026-10-04T08:40:00,2026-10-04T10:00:00,A Idade Do Gelo
TVCine Emotion,2026-10-04T10:00:00,2026-10-04T11:40:00,Os Mauzões
TVCine Emotion,2026-10-04T11:40:00,2026-10-04T13:10:00,Uma Noite No Zoo
TVCine Emotion,2026-10-04T13:10:00,2026-10-04T14:35:00,Sonhos de Bolo de Noiva
TVCine Emotion,2026-10-04T14:35:00,2026-10-04T16:30:00,O Tesouro Encalhado
TVCine Emotion,2026-10-04T16:30:00,2026-10-04T18:25:00,A Canção que Não Planeámos
TVCine Emotion,2026-10-04T18:25:00,2026-10-04T20:15:00,French Girl
TVCine Emotion,2026-10-04T20:15:00,2026-10-04T22:15:00,Mr. Burton
TVCine Emotion,2026-10-04T22:15:00,2026-10-05T00:00:00,Splitsville – Amor em Maus Lençóis
TVCine Emotion,2026-10-05T00:00:00,2026-10-05T01:30:00,Morrer de Amor
TVCine Emotion,2026-10-05T01:30:00,2026-10-05T03:05:00,A Mulher Que Acreditava Ser Presidente Dos EUA
TVCine Emotion,2026-10-05T03:05:00,2026-10-05T04:50:00,Diário da Minha Vagina
TVCine Emotion,2026-10-05T04:50:00,2026-10-05T06:40:00,Curiosa
TVCine Emotion,2026-10-05T06:40:00,2026-10-05T08:10:00,Amor no Amazonas
TVCine Emotion,2026-10-05T08:10:00,2026-10-05T09:30:00,Heidi E O Lince Da Montanha
TVCine Emotion,2026-10-05T09:30:00,2026-10-05T11:00:00,Looney Tunes: Daffy & Porky Salvam O Mundo
TVCine Emotion,2026-10-05T11:00:00,2026-10-05T13:05:00,Annie
TVCine Emotion,2026-10-05T13:05:00,2026-10-05T14:35:00,O Desejo de Natal
TVCine Emotion,2026-10-05T14:35:00,2026-10-05T16:30:00,O Mal Casado
TVCine Emotion,2026-10-05T16:30:00,2026-10-05T18:00:00,Um Pai à Maneira
TVCine Emotion,2026-10-05T18:00:00,2026-10-05T19:40:00,Amor sem Aviso
TVCine Emotion,2026-10-05T19:40:00,2026-10-05T21:25:00,Os Quebra-Nozes
TVCine Emotion,2026-10-05T21:25:00,2026-10-05T22:10:00,Mentes Brilhantes T2 - Ep. 18
TVCine Emotion,2026-10-05T22:10:00,2026-10-05T22:55:00,Mentes Brilhantes T2 - Ep. 19
TVCine Emotion,2026-10-05T22:55:00,2026-10-06T00:45:00,Snack Shack
TVCine Emotion,2026-10-06T00:45:00,2026-10-06T01:30:00,Mentes Brilhantes T2 - Ep. 15
TVCine Emotion,2026-10-06T01:30:00,2026-10-06T02:15:00,Mentes Brilhantes T2 - Ep. 16
TVCine Emotion,2026-10-06T02:15:00,2026-10-06T03:00:00,Mentes Brilhantes T2 - Ep. 17
TVCine Emotion,2026-10-06T03:00:00,2026-10-06T03:50:00,Mentes Brilhantes T2 - Ep. 18
TVCine Emotion,2026-10-06T03:50:00,2026-10-06T04:40:00,Mentes Brilhantes T2 - Ep. 19
TVCine Emotion,2026-10-06T04:40:00,2026-10-06T05:05:00,Prazer Procura-Se T1 - Ep. 1
TVCine Emotion,2026-10-06T05:05:00,2026-10-06T06:45:00,Jornalismo Sem Censura
TVCine Emotion,2026-10-06T06:45:00,2026-10-06T08:25:00,A Lenda de Ochi
TVCine Emotion,2026-10-06T08:25:00,2026-10-06T10:00:00,Saltitão E A Magia Do Tempo
TVCine Emotion,2026-10-06T10:00:00,2026-10-06T11:45:00,The Fire Inside
TVCine Emotion,2026-10-06T11:45:00,2026-10-06T13:10:00,A Lenda do Medalhão Perdido
TVCine Emotion,2026-10-06T13:10:00,2026-10-06T14:40:00,Viúva Clicquot
TVCine Emotion,2026-10-06T14:40:00,2026-10-06T16:00:00,A Época mais Colorida do Ano
TVCine Emotion,2026-10-06T16:00:00,2026-10-06T18:00:00,O Poder da Mudança
TVCine Emotion,2026-10-06T18:00:00,2026-10-06T19:30:00,Um Amor à Beira D´Água
TVCine Emotion,2026-10-06T19:30:00,2026-10-06T21:25:00,O Tesouro Encalhado
TVCine Emotion,2026-10-06T21:25:00,2026-10-06T22:10:00,The Rookie T8 - Ep. 18
TVCine Emotion,2026-10-06T22:10:00,2026-10-06T23:00:00,Desaparecido T1 - Ep. 1
TVCine Emotion,2026-10-06T23:00:00,2026-10-07T00:35:00,"Oh, Olá!"
TVCine Emotion,2026-10-07T00:35:00,2026-10-07T02:20:00,Bolero
TVCine Emotion,2026-10-07T02:20:00,2026-10-07T03:05:00,The Rookie T8 - Ep. 15
TVCine Emotion,2026-10-07T03:05:00,2026-10-07T03:50:00,The Rookie T8 - Ep. 16
TVCine Emotion,2026-10-07T03:50:00,2026-10-07T04:35:00,The Rookie T8 - Ep. 17
TVCine Emotion,2026-10-07T04:35:00,2026-10-07T05:20:00,The Rookie T8 - Ep. 18
TVCine Emotion,2026-10-07T05:20:00,2026-10-07T06:10:00,Desaparecido T1 - Ep. 1
TVCine Emotion,2026-10-07T06:10:00,2026-10-07T07:45:00,A Lenda de Ochi
TVCine Emotion,2026-10-07T07:45:00,2026-10-07T09:15:00,O Desejo de Natal
TVCine Emotion,2026-10-07T09:15:00,2026-10-07T11:10:00,Hairspray
TVCine Emotion,2026-10-07T11:10:00,2026-10-07T12:40:00,Zoe´s Having a Baby
TVCine Emotion,2026-10-07T12:40:00,2026-10-07T14:15:00,Jornalismo Sem Censura
TVCine Emotion,2026-10-07T14:15:00,2026-10-07T15:55:00,Um Amor de Outro Mundo
TVCine Emotion,2026-10-07T15:55:00,2026-10-07T17:20:00,My Norwegian Holiday
TVCine Emotion,2026-10-07T17:20:00,2026-10-07T19:15:00,"Ano Novo, Vida Nova!"
TVCine Emotion,2026-10-07T19:15:00,2026-10-07T21:25:00,Um Sonho Possível
TVCine Emotion,2026-10-07T21:25:00,2026-10-07T22:10:00,Boston Blue T1 - Ep. 18
TVCine Emotion,2026-10-07T22:10:00,2026-10-07T22:55:00,Boston Blue T1 - Ep. 19
TVCine Emotion,2026-10-07T22:55:00,2026-10-08T00:40:00,Curiosa
TVCine Emotion,2026-10-08T00:40:00,2026-10-08T01:25:00,Boston Blue T1 - Ep. 15
TVCine Emotion,2026-10-08T01:25:00,2026-10-08T02:10:00,Boston Blue T1 - Ep. 16
TVCine Emotion,2026-10-08T02:10:00,2026-10-08T02:55:00,Boston Blue T1 - Ep. 17
TVCine Emotion,2026-10-08T02:55:00,2026-10-08T03:40:00,Boston Blue T1 - Ep. 18
TVCine Emotion,2026-10-08T03:40:00,2026-10-08T04:25:00,Boston Blue T1 - Ep. 19
TVCine Emotion,2026-10-08T04:25:00,2026-10-08T05:50:00,Um Encontro na Escócia
TVCine Emotion,2026-10-08T05:50:00,2026-10-08T07:25:00,Postais do Coração
TVCine Emotion,2026-10-08T07:25:00,2026-10-08T09:05:00,200% Lobo
TVCine Emotion,2026-10-08T09:05:00,2026-10-08T10:55:00,A Sociedade Americana de Negros Mágicos
TVCine Emotion,2026-10-08T10:55:00,2026-10-08T12:25:00,Eu e o Sr. Perfeito
TVCine Emotion,2026-10-08T12:25:00,2026-10-08T14:35:00,O Amor Não Tira Férias
TVCine Emotion,2026-10-08T14:35:00,2026-10-08T16:10:00,A Acompanhante Indesejada
TVCine Emotion,2026-10-08T16:10:00,2026-10-08T17:40:00,Natal na Escócia
TVCine Emotion,2026-10-08T17:40:00,2026-10-08T19:20:00,Música e Letra
TVCine Emotion,2026-10-08T19:20:00,2026-10-08T21:20:00,Pássaro Branco - Uma História Extraordinária
TVCine Emotion,2026-10-08T21:20:00,2026-10-08T22:10:00,O Último Aniversário T1 - Ep. 4
TVCine Emotion,2026-10-08T22:10:00,2026-10-08T23:00:00,O Último Aniversário T1 - Ep. 5
TVCine Emotion,2026-10-08T23:00:00,2026-10-09T00:50:00,Diminuendo
TVCine Emotion,2026-10-09T00:50:00,2026-10-09T01:35:00,O Último Aniversário T1 - Ep. 2
TVCine Emotion,2026-10-09T01:35:00,2026-10-09T02:20:00,O Último Aniversário T1 - Ep. 3
TVCine Emotion,2026-10-09T02:20:00,2026-10-09T03:10:00,O Último Aniversário T1 - Ep. 4
TVCine Emotion,2026-10-09T03:10:00,2026-10-09T04:00:00,O Último Aniversário T1 - Ep. 5
TVCine Emotion,2026-10-09T04:00:00,2026-10-09T05:30:00,Viúva Clicquot
TVCine Emotion,2026-10-09T05:30:00,2026-10-09T06:55:00,Salvar o Casamento
TVCine Emotion,2026-10-09T06:55:00,2026-10-09T08:15:00,Um Casamento na Costa Rica
TVCine Emotion,2026-10-09T08:15:00,2026-10-09T09:45:00,O Fantasma De Canterville
TVCine Emotion,2026-10-09T09:45:00,2026-10-09T11:35:00,O Lugar dos Sonhos
TVCine Emotion,2026-10-09T11:35:00,2026-10-09T13:00:00,Salvar o Casamento
TVCine Emotion,2026-10-09T13:00:00,2026-10-09T14:30:00,Um Verão Inesquecível
TVCine Emotion,2026-10-09T14:30:00,2026-10-09T15:55:00,Um Encontro de Natal Perfeito
TVCine Emotion,2026-10-09T15:55:00,2026-10-09T17:20:00,Para Filadélfia Com Amor
TVCine Emotion,2026-10-09T17:20:00,2026-10-09T19:10:00,O Dilema
TVCine Emotion,2026-10-09T19:10:00,2026-10-09T21:25:00,Assim Nasce Uma Estrela
TVCine Emotion,2026-10-09T21:25:00,2026-10-09T22:10:00,Sullivan´s Crossing T3 - Ep. 1
TVCine Emotion,2026-10-09T22:10:00,2026-10-09T22:55:00,Sullivan´s Crossing T3 - Ep. 2
TVCine Emotion,2026-10-09T22:55:00,2026-10-10T00:25:00,Desejarás o Homem da Tua Irmã
TVCine Emotion,2026-10-10T00:25:00,2026-10-10T02:10:00,Bolero
TVCine Emotion,2026-10-10T02:10:00,2026-10-10T02:35:00,Prazer Procura-Se T1 - Ep. 4
TVCine Emotion,2026-10-10T02:35:00,2026-10-10T03:20:00,Sullivan´s Crossing T3 - Ep. 1
TVCine Emotion,2026-10-10T03:20:00,2026-10-10T04:05:00,Sullivan´s Crossing T3 - Ep. 2
TVCine Emotion,2026-10-10T04:05:00,2026-10-10T05:35:00,Um Verão Inesquecível
TVCine Emotion,2026-10-10T05:35:00,2026-10-10T07:30:00,Snack Shack
TVCine Emotion,2026-10-10T07:30:00,2026-10-10T08:45:00,Snow E A Princesa
TVCine Emotion,2026-10-10T08:45:00,2026-10-10T10:25:00,Coraline E A Porta Secreta
TVCine Emotion,2026-10-10T10:25:00,2026-10-10T12:10:00,A Escola Dos Animais Mágicos 3
TVCine Emotion,2026-10-10T12:10:00,2026-10-10T13:40:00,Um Amor à Beira D´Água
TVCine Emotion,2026-10-10T13:40:00,2026-10-10T15:40:00,Mr. Burton
TVCine Emotion,2026-10-10T15:40:00,2026-10-10T17:10:00,O Casamento nos Hamptons
TVCine Emotion,2026-10-10T17:10:00,2026-10-10T18:35:00,Um Romance Real em Ibiza
TVCine Emotion,2026-10-10T18:35:00,2026-10-10T20:10:00,Como Despachar um Encalhado
TVCine Emotion,2026-10-10T20:10:00,2026-10-10T21:45:00,Mr. Deeds
TVCine Emotion,2026-10-10T21:45:00,2026-10-10T23:55:00,Espanglês
TVCine Emotion,2026-10-10T23:55:00,2026-10-11T00:55:00,As Cinquenta Sombras Livre
TVCine Top,2026-10-03T23:10:00,2026-10-04T00:45:00,Sonhos
TVCine Top,2026-10-04T00:45:00,2026-10-04T02:40:00,Bird
TVCine Top,2026-10-04T02:40:00,2026-10-04T04:20:00,Largo Winch: O Preço do Dinheiro
TVCine Top,2026-10-04T04:20:00,2026-10-04T05:50:00,As Raparigas que Desejamos
TVCine Top,2026-10-04T05:50:00,2026-10-04T07:30:00,The Killer´s Game
TVCine Top,2026-10-04T07:30:00,2026-10-04T09:15:00,Percy Jackson e o Mar dos Monstros
TVCine Top,2026-10-04T09:15:00,2026-10-04T10:55:00,Largo Winch: O Preço do Dinheiro
TVCine Top,2026-10-04T10:55:00,2026-10-04T12:45:00,Homestead - A Fortaleza
TVCine Top,2026-10-04T12:45:00,2026-10-04T14:15:00,Jogo de Assassinos
TVCine Top,2026-10-04T14:15:00,2026-10-04T16:00:00,Na Terra de Santos e Pecadores
TVCine Top,2026-10-04T16:00:00,2026-10-04T18:00:00,Red One: Missão Secreta
TVCine Top,2026-10-04T18:00:00,2026-10-04T19:30:00,Hypnotic - Arma Invisível
TVCine Top,2026-10-04T19:30:00,2026-10-04T21:25:00,O Match Perfeito
TVCine Top,2026-10-04T21:25:00,2026-10-04T23:00:00,Tu Feriste os meus Sentimentos
TVCine Top,2026-10-04T23:00:00,2026-10-05T01:05:00,Éden
TVCine Top,2026-10-05T01:05:00,2026-10-05T02:35:00,Sonhar Com Leões
TVCine Top,2026-10-05T02:35:00,2026-10-05T04:10:00,A Pianista
TVCine Top,2026-10-05T04:10:00,2026-10-05T05:40:00,Postais do Coração
TVCine Top,2026-10-05T05:40:00,2026-10-05T07:10:00,O Homem Mais Sortudo da América
TVCine Top,2026-10-05T07:10:00,2026-10-05T08:35:00,O Resgate de Bardejov
TVCine Top,2026-10-05T08:35:00,2026-10-05T10:05:00,Homem-Cão
TVCine Top,2026-10-05T10:05:00,2026-10-05T12:40:00,O Mago do Kremlin
TVCine Top,2026-10-05T12:40:00,2026-10-05T14:35:00,A Ideia de Ti
TVCine Top,2026-10-05T14:35:00,2026-10-05T16:10:00,Karate Kid: Os Campeões
TVCine Top,2026-10-05T16:10:00,2026-10-05T18:00:00,The Bricklayer: Missão Mortal
TVCine Top,2026-10-05T18:00:00,2026-10-05T20:00:00,The Ministry Of Ungentlemanly Warfare
TVCine Top,2026-10-05T20:00:00,2026-10-05T21:30:00,Sisu: Estrada da Vingança
TVCine Top,2026-10-05T21:30:00,2026-10-06T00:45:00,O Brutalista
TVCine Top,2026-10-06T00:45:00,2026-10-06T02:30:00,O Preço da Ganância
TVCine Top,2026-10-06T02:30:00,2026-10-06T04:00:00,Sniper: Special Ops
TVCine Top,2026-10-06T04:00:00,2026-10-06T05:50:00,Não Fales do Mal
TVCine Top,2026-10-06T05:50:00,2026-10-06T06:15:00,Prazer Procura-Se T1 - Ep. 3
TVCine Top,2026-10-06T06:15:00,2026-10-06T08:10:00,O Match Perfeito
TVCine Top,2026-10-06T08:10:00,2026-10-06T09:50:00,Os Mauzões
TVCine Top,2026-10-06T09:50:00,2026-10-06T11:15:00,Sonhos de Bolo de Noiva
TVCine Top,2026-10-06T11:15:00,2026-10-06T13:10:00,A Canção que Não Planeámos
TVCine Top,2026-10-06T13:10:00,2026-10-06T14:55:00,Splitsville – Amor em Maus Lençóis
TVCine Top,2026-10-06T14:55:00,2026-10-06T16:20:00,Um Casamento na Costa Rica
TVCine Top,2026-10-06T16:20:00,2026-10-06T17:50:00,Um Encontro na Escócia
TVCine Top,2026-10-06T17:50:00,2026-10-06T19:25:00,Tu Feriste os meus Sentimentos
TVCine Top,2026-10-06T19:25:00,2026-10-06T21:30:00,Éden
TVCine Top,2026-10-06T21:30:00,2026-10-06T23:15:00,Lobisomem
TVCine Top,2026-10-06T23:15:00,2026-10-07T01:00:00,Armadilha
TVCine Top,2026-10-07T01:00:00,2026-10-07T02:50:00,Homestead - A Fortaleza
TVCine Top,2026-10-07T02:50:00,2026-10-07T04:55:00,As Cinquenta Sombras De Grey
TVCine Top,2026-10-07T04:55:00,2026-10-07T06:35:00,Nem Respires 2
TVCine Top,2026-10-07T06:35:00,2026-10-07T08:20:00,As Lições da Peaches
TVCine Top,2026-10-07T08:20:00,2026-10-07T09:45:00,Morrer de Amor
TVCine Top,2026-10-07T09:45:00,2026-10-07T11:15:00,Looney Tunes: Daffy & Porky Salvam O Mundo
TVCine Top,2026-10-07T11:15:00,2026-10-07T13:15:00,Mr. Burton
TVCine Top,2026-10-07T13:15:00,2026-10-07T15:05:00,French Girl
TVCine Top,2026-10-07T15:05:00,2026-10-07T16:35:00,Morrer de Amor
TVCine Top,2026-10-07T16:35:00,2026-10-07T18:30:00,A Ideia de Ti
TVCine Top,2026-10-07T18:30:00,2026-10-07T20:00:00,Terapia de Familia
TVCine Top,2026-10-07T20:00:00,2026-10-07T21:30:00,Hypnotic - Arma Invisível
TVCine Top,2026-10-07T21:30:00,2026-10-07T23:05:00,After: Depois De Tudo
TVCine Top,2026-10-07T23:05:00,2026-10-08T02:20:00,O Brutalista
TVCine Top,2026-10-08T02:20:00,2026-10-08T04:25:00,Éden
TVCine Top,2026-10-08T04:25:00,2026-10-08T06:00:00,Força Devastadora
TVCine Top,2026-10-08T06:00:00,2026-10-08T06:50:00,Desaparecido T1 - Ep. 1
TVCine Top,2026-10-08T06:50:00,2026-10-08T09:00:00,Locust
TVCine Top,2026-10-08T09:00:00,2026-10-08T10:15:00,Heidi E O Lince Da Montanha
TVCine Top,2026-10-08T10:15:00,2026-10-08T12:05:00,Bumblebee
TVCine Top,2026-10-08T12:05:00,2026-10-08T13:45:00,Amor sem Aviso
TVCine Top,2026-10-08T13:45:00,2026-10-08T15:20:00,Um Lugar Silencioso: Dia Um
TVCine Top,2026-10-08T15:20:00,2026-10-08T18:00:00,Blade Runner 2049
TVCine Top,2026-10-08T18:00:00,2026-10-08T19:50:00,The Bricklayer: Missão Mortal
TVCine Top,2026-10-08T19:50:00,2026-10-08T21:30:00,O Agente Americano
TVCine Top,2026-10-08T21:30:00,2026-10-08T23:30:00,Tornados
TVCine Top,2026-10-08T23:30:00,2026-10-09T01:00:00,Sisu: Estrada da Vingança
TVCine Top,2026-10-09T01:00:00,2026-10-09T02:25:00,Perverso
TVCine Top,2026-10-09T02:25:00,2026-10-09T04:10:00,O Caso dos Estrangeiros
TVCine Top,2026-10-09T04:10:00,2026-10-09T05:50:00,Operações Especiais
TVCine Top,2026-10-09T05:50:00,2026-10-09T07:15:00,A Lenda do Medalhão Perdido
TVCine Top,2026-10-09T07:15:00,2026-10-09T08:45:00,Viúva Clicquot
TVCine Top,2026-10-09T08:45:00,2026-10-09T10:05:00,A Época mais Colorida do Ano
TVCine Top,2026-10-09T10:05:00,2026-10-09T12:05:00,O Poder da Mudança
TVCine Top,2026-10-09T12:05:00,2026-10-09T13:35:00,Um Amor à Beira D´Água
TVCine Top,2026-10-09T13:35:00,2026-10-09T15:10:00,"Oh, Olá!"
TVCine Top,2026-10-09T15:10:00,2026-10-09T17:05:00,O Primeiro Encontro
TVCine Top,2026-10-09T17:05:00,2026-10-09T18:45:00,Robot Selvagem
TVCine Top,2026-10-09T18:45:00,2026-10-09T21:30:00,Wicked
TVCine Top,2026-10-09T21:30:00,2026-10-09T23:15:00,Holland
TVCine Top,2026-10-09T23:15:00,2026-10-10T01:00:00,Lobisomem
TVCine Top,2026-10-10T01:00:00,2026-10-10T03:15:00,Mickey 17
TVCine Top,2026-10-10T03:15:00,2026-10-10T05:00:00,Sombras
TVCine Top,2026-10-10T05:00:00,2026-10-10T05:45:00,Boston Blue T1 - Ep. 18
TVCine Top,2026-10-10T05:45:00,2026-10-10T07:10:00,My Norwegian Holiday
TVCine Top,2026-10-10T07:10:00,2026-10-10T08:40:00,Zoe´s Having a Baby
TVCine Top,2026-10-10T08:40:00,2026-10-10T10:25:00,Um Amor de Outro Mundo
TVCine Top,2026-10-10T10:25:00,2026-10-10T12:40:00,Devotion - Uma História de Heróis
TVCine Top,2026-10-10T12:40:00,2026-10-10T14:30:00,"Se Eu Tivesse Pernas, Dava-te Um Pontapé"
TVCine Top,2026-10-10T14:30:00,2026-10-10T16:05:00,After: Depois De Tudo
TVCine Top,2026-10-10T16:05:00,2026-10-10T18:00:00,O Match Perfeito
TVCine Top,2026-10-10T18:00:00,2026-10-10T19:30:00,Sem Refúgio
TVCine Top,2026-10-10T19:30:00,2026-10-10T21:30:00,The Ministry Of Ungentlemanly Warfare
TVCine Top,2026-10-10T21:30:00,2026-10-10T23:20:00,Sleeping Dogs - A Teia
TVCine Top,2026-10-10T23:20:00,2026-10-11T00:20:00,Dracula: Uma História de Amor
